name,main_category,sub_category,image_url,image_local,link,ratings,no_of_ratings,description,discount_price_usd,actual_price_usd
Pepe Light Tone Cotton Stretch Regular Mens Jeans (S22VECTORIPBLA-P),men's clothing,Jeans,https://m.media-amazon.com/images/I/41jiuHL4eSL._AC_UL320_.jpg,product_images\0_Pepe_Light_Tone_Cotton_Stretch_Regular_Mens_Jeans_(S22VECTOR.jpg,https://www.amazon.in/Pepe-Stretch-Regular-Jeans-S22VECTORIPBLA001/dp/B09Q6DCZ5N/ref=sr_1_2064?qid=1679141737&s=apparel&sr=1-2064,2.0,1,"Buy Pepe Light Tone Cotton Stretch Regular Mens Jeans (S22VECTORIPBLA001, Black, 30) from Jeans at Amazon.in. 30 days free exchange or return",20.64,47.99
Poly by Plantronics - Blackwire 3220 Wired On Ear Headphones with Mic (Black),"tv, audio & cameras",All Electronics,https://m.media-amazon.com/images/I/41Yi7ecJG0L._AC_UL320_.jpg,product_images\1_Poly_by_Plantronics_-_Blackwire_3220_Wired_On_Ear_Headphones.jpg,https://www.amazon.in/Plantronics-209745-22-BLACKWIRE-C3220-Single/dp/B07CVGN2DY/ref=sr_1_4703?qid=1679133946&s=electronics&sr=1-4703,4.1,827,"Connects To: Simply and easily connects to PC or Mac via USB-A.; Ideal For: Users transitioning to a PC for telephony, webinars, conference calls, and other applications. | SoundGuard: Acoustic limiting for protection against sounds above 118 dBA | SoundGuard: Acoustic limiting for protection against sounds above 118 dBA | Audio Performance: Clear, natural and rich audio with wideband audio, a noise-canceling microphone, and enhanced digital signal processing (DSP). | Model: 209745-22; Control Type: Noise Control",46.8,77.99
KANUSHI Industries® 1Pc Fridge Cover for Top with 6 Utility Pockets + 1 Handles Covers + 3 Fridge Mats (FT-BB-FL-COMBO-M-11),appliances,All Appliances,https://m.media-amazon.com/images/I/81GZXcmWAJL._AC_UL320_.jpg,product_images\2_KANUSHI_Industries®_1Pc_Fridge_Cover_for_Top_with_6_Utility_.jpg,https://www.amazon.in/KANUSHI-Industries%C2%AE-Utility-Pockets-FT-BB-FL-COMBO-M-11/dp/B08KDVS7YR/ref=sr_1_497?qid=1679135615&s=appliances&sr=1-497,3.9,"2,060","✔️MADE IN INDIA. Content - 3 pieces of mat,1 Fridge Top Cover & 1 Handle Cover, Material :Polyester & PVC. | Product Dimension : Fridge Top Cover - 39 X 21.5 Inches, Fridge Handle Cover - 14 X 6 Inches, Fridge mat : 11 X 17 Inches. | Multipurpose mats for Refrigerator, Drawers, Shelves and Dining Table. | Protect from Scratches, Spots & Dirt, Made of high quality and durable PVC Material. | Care Instruction - Easy to clean & wash with water.",2.87,5.99
"MRF Nylogrip Zapper-Y 80/100-18 54P Tubeless Bike Tyre, Rear",car & motorbike,Motorbike Accessories & Parts,https://m.media-amazon.com/images/I/31PNXFIWIuL._AC_UL320_.jpg,"product_images\3_MRF_Nylogrip_Zapper-Y_80100-18_54P_Tubeless_Bike_Tyre,_Rear.jpg",https://www.amazon.in/MRF-Nylogrip-Zapper-Y-100-18-Tubeless/dp/B06XSB7BLQ/ref=sr_1_1561?qid=1679221700&s=automotive&sr=1-1561,4.4,206,"Vehicle compatibility: HERO I SMART, HONDA DREAM YUGA/CB SHINE/SHINE SP 125/DREAM NEO/LIVO, HERO CD100, YAMAH SALUTO",20.94,36.98
"HIFFIN PRO 8 ft. X 12 ft. Long Life Time Reusable Green Screen Chromakey Photo Video Photography Studio Fabric Backdrop, B...","tv, audio & cameras",Camera Accessories,https://m.media-amazon.com/images/I/61f7rnJDDyS._AC_UL320_.jpg,product_images\4_HIFFIN_PRO_8_ft._X_12_ft._Long_Life_Time_Reusable_Green_Scre.jpg,https://www.amazon.in/Reusable-Chromakey-Photography-Backdrop-Background/dp/B09DG74DV8/ref=sr_1_6347?qid=1679132913&s=electronics&sr=1-6347,3.5,10,"✨Contents: [1 pc] 8 x 12 ft. Green Muslin Backdrop | ✨Reflective and Non-Gloss Surface | ✨Lightweight Fabric / Reusable | ✨Simply dust off the surface and should be ready for reuse | ✨(Attention) Stand & Cross Bar NOT Included! | For any Product related query reach out to brand @ Toll free Number 1800121000251 Mon to sat 6 days a week 10am to 6pm, Email : contact@hiffin.in",8.39,14.4
"Majestique Nail Scissors for Fingernails, Shaving, Moustache, Beard, Eyebrow and Toenails – Sharp Cuticle Scissors Profess...",beauty & health,Beauty & Grooming,https://m.media-amazon.com/images/I/41yo8SuQQ8L._AC_UL320_.jpg,"product_images\5_Majestique_Nail_Scissors_for_Fingernails,_Shaving,_Moustache.jpg",https://www.amazon.in/Majestique-Premium-nasal-scissor/dp/B081RKNMQ8/ref=sr_1_18366?qid=1679215096&s=beauty&sr=1-18366,3.3,9,"Premium Stainless Steel: Made from high-quality stainless steel for durability, rust resistance, and long-lasting sharpness. | Multi-Purpose Use: Ideal for nasal hair trimming, facial hair grooming, eyebrow shaping, and beard or moustache cutting. | Compact & Precise: Small size allows for detailed work, making it perfect for men and women looking for accuracy in grooming. | Professional Quality: Designed for professional-level grooming at home, offering clean and smooth cuts every time. | Versatile: Suitable for both personal and professional use, including trimming eyebrows, moustaches, beards, and delicate areas like the nose.",1.43,1.55
"Nelle Harper Men's Leather Bifold Wallet, Dark Green, (NHMLWV004)",accessories,Bags & Luggage,https://m.media-amazon.com/images/I/71fvT046LyL._AC_UL320_.jpg,"product_images\6_Nelle_Harper_Men's_Leather_Bifold_Wallet,_Dark_Green,_(NHMLW.jpg",https://www.amazon.in/Nelle-Harper-Leather-Bifold-NHMLWV004/dp/B09GBG9XFB/ref=sr_1_16019?qid=1679144422&s=luggage&sr=1-16019,4.1,15,"RFID BLOCKING TECHNOLOGY: Keep your data, personal information and identity safe and secure at all times, which is why our wallet comes with cutting-edge RFID protection, which effectively prevents thieves from electronically accessing your personal and financial information by interrupting the radio waves of the scanners. | SMART DESIGN: Our bi-fold wallet for men features easy to use & carry design with an impressive storage capacity: a divider money section with 2 bill pockets,Credit/Debit card slots. lining has been used inside to keep it slim and extremely durable. | This wallet is been made out of Top Grain Pure Leather and it’s a natural thing where colour variation is never under control. Pure leather wallets get more beautiful on ageing. | We are proud to say that our products are MADE IN INDIA.",10.01,13.19
Captain Lead to Win sleeve+03,sports & fitness,All Exercise & Fitness,https://m.media-amazon.com/images/I/61Wc6DT61WL._AC_UL320_.jpg,product_images\7_Captain_Lead_to_Win_sleeve+03.jpg,https://www.amazon.in/Captain-Lead-Win-sleeve-white/dp/B0BLNBGCTM/ref=sr_1_2380?qid=1679218253&s=sports&sr=1-2380,5.0,2,"Buy CAPTAIN SLEEVE PLUS(BLACK) Ankle Length socks, Over the Knee leg sleeves Solid Football Stockings,UV ray Protection Football Socks from Athletic Socks at Amazon.in",3.59,5.99
"Indiana Protective Safety Reflective Vest Belt Jacket with High Visibility , Night Cycling Reflector Strips Cross Belt Str...",stores,Men's Fashion,https://m.media-amazon.com/images/I/61mFMJFozzL._AC_UL320_.jpg,product_images\8_Indiana_Protective_Safety_Reflective_Vest_Belt_Jacket_with_H.jpg,https://www.amazon.in/Indiana-Protective-Reflective-Visibility-Adjustable/dp/B09SV6QXGT/ref=sr_1_14176?qid=1679151372&s=apparel&sr=1-14176,4.0,60,"Indiana Protective Safety Reflective Vest Belt Jacket with High Visibility , Night Cycling Reflector Strips Cross Belt Stripes Adjustable Vest - Multi Color : Amazon.in: Industrial & Scientific",1.68,4.2
Fujifilm Instax Mini 9 Instant Camera (Cobalt Blue) Gift Box with 10 Shots,"tv, audio & cameras",All Electronics,https://m.media-amazon.com/images/I/81a7q2kFJvL._AC_UL320_.jpg,product_images\9_Fujifilm_Instax_Mini_9_Instant_Camera_(Cobalt_Blue)_Gift_Box.jpg,https://www.amazon.in/Fujifilm-Instax-Mini-Instant-Camera/dp/B08TSFHJZP/ref=sr_1_2522?qid=1679133810&s=electronics&sr=1-2522,4.3,883,"In Gift Box - Instax Mini 9 Camera + Instax Mini Film Pack 10x1 + Instax Photo Bunting + Instax Photo Album + Batteries + Camera Strap + Warranty Card + Instruction Manual | Selfie mirror - you can check your framing with the mirror next to the lens | High-key mode - setting the brightness adjustment dial to the high-key mode mark allows you to take pictures with a softer impression | Simple operation for instant pictures, brightness adjustment dial | Instax mini 9 automatically determines the best brightness for taking a picture, and lights up the most suitable setting based on your surroundings",58.79,89.99
"AaoJao kids girls boys Unisex Kitty Slider casual wear, home wear stylish flip flop slipper slides",kids' fashion,Kids' Fashion,https://m.media-amazon.com/images/W/IMAGERENDERING_521856-T2/images/I/41zZplM34KL._AC_UL320_.jpg,,https://www.amazon.in/AaoJao-Unisex-Kitty-stylish-slipper/dp/B09PVK7Z12/ref=sr_1_1167?qid=1679221212&s=apparel&sr=1-1167,3.9,36,"AaoJao kids girls boys Unisex Kitty Slider casual wear, home wear Baby Pink stylish flip flop slipper slides - EU Size : 28 | UK Size : 9.5 Kids UK | Age : 3.5 to 4 Years : Amazon.in: Fashion",3.95,9.59
Maanja Men's Ankle Length Cotton & Polyester & Elastane Socks (Pack of 2),stores,Men's Fashion,https://m.media-amazon.com/images/I/81y2uJzVIoL._AC_UL320_.jpg,product_images\11_Maanja_Men's_Ankle_Length_Cotton_&_Polyester_&_Elastane_Sock.jpg,https://www.amazon.in/Maanja-Cotton-Cushion-Ankle-Multicolour/dp/B07PV3R55Z/ref=sr_1_18462?qid=1679151645&s=apparel&sr=1-18462,4.0,139,"Maanja Men's Cotton Cushion Ankle Regular Socks (Free Size) - Pack Of 2,Multicolor : Amazon.in: Clothing & Accessories",2.39,4.79
FINGERS SoundBoomerang Wired in-Ear Earphones with Mic (Bundled with Free Zip Carry Case & Golden L-pin Connector) (Ink Bl...,"tv, audio & cameras",Headphones,https://m.media-amazon.com/images/W/IMAGERENDERING_521856-T1/images/I/71y0ubXOAhL._AC_UL320_.jpg,,https://www.amazon.in/FINGERS-SoundBoomerang-Earphones-Exceptional-Experience/dp/B08Q37NCFZ/ref=sr_1_3240?qid=1679128886&s=electronics&sr=1-3240,3.8,63,"[Exclusive design with Earbuds]: Step out in style with the unique design of SoundBoomerang. It’s the perfect earphones for those who love elegance topped with exclusivity. Encased in smooth premium finish, the earbuds feature a boomerang design to up your fashion quotient. | [Rich sound with Breathtaking Bass]: Sound Boomerang breathes life into your music and videos with its mesmerizing audio and peppy bass, tuned to Indian ears. | [Premium Angular earbuds]: Ergonomically crafted with superior Angular earbuds for all day listening, SoundBoomerang comes bundled with 3 different sizes of ear gels to provide personalized fit and noise isolation. | [Heavy on Durability – with Golden L-Pin]: SoundBoomerang has been crafted with sturdy yet lightweight materials to rest gently in your ears. The golden 3.5mm L-Pin adds additional durability and offers faster transmission of the audio signal for clearer sound. | [Carry Case Included for Safety and Storage]: You can keep your earphones safe and sound and carry them around in the bundled compact zip carry case when on the go. | [Fingertip Controls]: Experience finest hands-free conversations with a built-in Mic and sleek controller that lets you instantly adjust the volume and control music and videos playback.",4.19,7.19
ACTIVA HIGH Speed 390 RPM 1200MM BEE Approved 5 Star Rated Anti DUST Coated Pure Copper Galaxy-1 Ceiling Fan (Silver Blu...,appliances,All Appliances,https://m.media-amazon.com/images/I/31cLZo1mCcL._AC_UL320_.jpg,product_images\13_ACTIVA_HIGH_Speed_390_RPM_1200MM_BEE_Approved_5_Star_Rated_A.jpg,https://www.amazon.in/ACTIVA-Approved-Galaxy-1-Ceiling-Warranty/dp/B07WKLS3S2/ref=sr_1_9547?qid=1679136124&s=appliances&sr=1-9547,3.6,52,"✅POWERFUL AIRFLOW (390 RPM) - Low-density helps make this silent ceiling fan lightweight to provide a superior air throw and long-lasting durability. The powerful motor works at 390 RPM, producing high-speed airflow for your comfort, while the premium quality material allows for better heat dissipation for efficiency. | ✅1200 MM BLADES SWEEP - Designed with 1200 mm blades to offer an airflow that ensures a wider conical spread of breeze in all corners of the room. Power Consumption: The high-end engineering of this ceiling fan helps it consume just 60 W of power, so there's no need to worry about the electric bill. | ✅BEE Label Period: Certified energy-efficient product valid from 17th jan 2024 to 31th dec 2025, assuring trusted performance and verified energy-saving compliance. | ✅EXCLUSIVE WITH HIGH FLOW TECHNOLOGY - Heavy crc stamping to enhance the life of the fan. This fan is also energy-efficient, using less energy to move the same amount of air as a normal ceiling fan. High flow technology ceiling fans are ideal for larger spaces such as living rooms, bedrooms. | ✅AERO DYNAMICALLY DESIGNED BLADES - The Aerodynamic ceiling fan blades that are designed to optimize air flow and reduce turbulence. The aerodynamic design allows for a smooth flow of air which helps to increase the fan's efficiency and reduce noise. | ✅Box Contains: Fan Motor, Blade Set, Canopy Set, Downroad and Shackle, Manufactured Under The Guidance Of Highly Qualified Engineers To Ensure The Life Of Product, Note: Self Installation and product will be repaired in our service center. | ✅DOUBLE BALL BAERING - The powerful motor come with double ball bearing which makes sure that the fan runs smoothly without making much noise. The two ball bearings help to improve the fan's stability, reduce friction and increase the lifespan of the fan. | ✅WARRANTY TYPE : Product installation to be done by the only customer Himself. and Customer will send the product to a service center for repair. The product will be repaired in our service center only.",31.26,59.76
"SIKAI Silicone Case Cover for LG AN-MR21GA Magic Remote, Shockproof Protective Cover for LG Smart TV Remote 2021, Standing...","tv, audio & cameras",Home Entertainment Systems,https://m.media-amazon.com/images/I/61YkE5eWIGL._AC_UL320_.jpg,"product_images\14_SIKAI_Silicone_Case_Cover_for_LG_AN-MR21GA_Magic_Remote,_Sho.jpg",https://www.amazon.in/SIKAI-Shockproof-Protective-Skin-Friendly-Anti-Lost/dp/B0989WBCNN/ref=sr_1_5079?qid=1679128408&s=electronics&sr=1-5079,4.5,560,"Amazon.in: Buy SIKAI Silicone Case Cover for LG AN-MR21GA Magic Remote, Shockproof Protective Cover for LG Smart TV Remote 2021, Standing Design, Skin-Friendly, Washable, Anti-Lost with Loop (Glow Green) online at low price in India on Amazon.in. Check out SIKAI Silicone Case Cover for LG AN-MR21GA Magic Remote, Shockproof Protective Cover for LG Smart TV Remote 2021, Standing Design, Skin-Friendly, Washable, Anti-Lost with Loop (Glow Green) reviews, ratings, features, specifications and more at Amazon.in",11.99,29.99
Accessorize London Solid Heart Pendant Necklace|One Size,accessories,Fashion & Silver Jewellery,https://m.media-amazon.com/images/I/51pePJLy+kL._AC_UL320_.jpg,product_images\15_Accessorize_London_Solid_Heart_Pendant_NecklaceOne_Size.jpg,https://www.amazon.in/Accessorize-London-Pendant-Silver-MN-88210812001/dp/B083G67T1R/ref=sr_1_1783?qid=1679159991&s=jewelry&sr=1-1783,4.0,10,"Accessorize London is a lifestyle brand that enriches everyday life with natural beauty, positivity and endless discovery. We are passionate about connecting contemporary designs with a network of craftspeople, creating unique collections to be cherished.",3.05,10.14
"Havells 16 A WiFi Smart Plug (White) (ACST161603) with Energy Monitoring- Suitable for Large Appliances like Geysers, Heat...",appliances,All Appliances,https://m.media-amazon.com/images/I/61AQveJ305L._AC_UL320_.jpg,product_images\16_Havells_16_A_WiFi_Smart_Plug_(White)_(ACST161603)_with_Energ.jpg,https://www.amazon.in/Havells-Smart-Socket-White-ACST161603/dp/B09992RJBH/ref=sr_1_706?qid=1679135629&s=appliances&sr=1-706,4.1,475,"Smart Control for Heavy Appliances: Power your ACs, geysers, heaters, and air coolers with this 16A Wi-Fi smart plug—ideal for heavy appliances. Experience hassle-free automation and intelligent energy consumption with a tap or voice command. | No Hub, No Hassle: Avoid the hub and join wirelessly—this smart plug plugs into 2.4 GHz Wi-Fi network directly. Easy installation and instant access to smarter control of your home appliances without additional devices. | Real-time Energy Monitoring: Keep tabs on your appliances' current energy consumption using the DigiTap app. Conserve energy, conserve money, and be aware of high-consumption appliances such as geysers and air conditioners. | Schedule Your Power: Create daily or weekly schedules for appliances to turn on or off automatically. Start your day with a warm bath or come home to a cooled room—automate comfort without drawing extra power, even when you are not there. | Voice-controlled Convenience: Voice-operate your devices with Amazon Alexa or Google Assistant. Simply command to switch on your AC, kettle, or table fan—never so convenient and voice-controlled was smart life. | Access from Anywhere: Home, office, or abroad, control your devices from anywhere with the Havells DigiTap app. Keep your home's power consumption under your control—at anytime, anywhere. | Ideal Partner for Smart Homes: From water pumps to electric kettles, this plug handles them all at once. An essential for every new-age home seeking a smarter, safer, and energy-efficient way of life. | Small Size, Big Features: White, narrow, and unobtrusive, it blends into your environment without sacrificing its high-powered features. Designed to take up little space but deliver maximum convenience and smart control. | Plug with Top Smart Plugs: Built to compete with the best—The Havells smart plug delivers premium performance, advanced security, and unsurpassed convenience in a single effective solution. | Your Gateway to Smarter Living: 16A capacity, energy monitoring, app, voice command, and hassle-free setup. This plug is revolutionizing convenience. Bring smart automation to your life and turn your regular device into a smart powerhouse.",10.5,21.23
"Konvio Neer Pre Filter for Water purifier for All RO Water Purifier, External Prefilter kit with 2 spun candles",appliances,All Appliances,https://m.media-amazon.com/images/I/61fkNZPrntL._AC_UL320_.jpg,product_images\17_Konvio_Neer_Pre_Filter_for_Water_purifier_for_All_RO_Water_P.jpg,https://www.amazon.in/Konvio-Purifier-Filter-Prefilter-Housing/dp/B07H9TXPD2/ref=sr_1_644?qid=1679135625&s=appliances&sr=1-644,4.3,960,"Designed for RO Purifiers: The KONVIO NEER Pre Filter is specifically designed to be compatible with all RO water purifiers, providing efficient prefiltration before the water reaches the main system. | High-Quality Spun Candles: This kit includes two high-quality spun candles that effectively filter out larger particles like dirt, dust, and sand, preventing them from damaging the RO system and ensuring better performance. | Secure Fittings: The prefilter kit comes with 3/8 and 1/4 elbows and pipes, which are essential for a secure and efficient installation, ensuring proper water flow and system performance. | Leak-Free Connections: Teflon tape is included in the kit to create tight, leak-free connections during installation, ensuring a secure fit and preventing any water leakage throughout the system. | This Pre filter comes with 1 additional Free Spun | High Quality Premium product from Konvio",8.39,11.99
"Boult Audio X1 Buds True Wireless in Ear Earbuds with 24H Playtime, Quad Mic ENC, Made in India, Type-C Fast Charging, Env...","tv, audio & cameras",All Electronics,https://m.media-amazon.com/images/W/IMAGERENDERING_521856-T2/images/I/71mT2gCHH+L._AC_UL320_.jpg,,https://www.amazon.in/Boult-Audio-Resistant-Assistant-Bluetooth/dp/B09WJ7R8BP/ref=sr_1_465?qid=1679133678&s=electronics&sr=1-465,3.9,"79,328","Environmental Noise Cancellation: Equipped with Quad Mics, experience a crystal clear calling experience, as ambient noises get filtered out. | Offers playback time of up to 6 hours for every charge. Total play-time of up to 24 Hours | Touch Controls & Voice Assistant: With one multifunction button, you can play/pause, previous/next track and answer/hang-up calls. Voice assistant function lets you access Siri/Google Assistant. | Auto pairing: Automatically pair with your device as soon as you take them out of the case. No need to manually pair to your device each time. | IPX5 Water Resistant: Can comfortably be used in the outdoors or in the gym.",21.59,83.99
"Rangwell (Pack of 4) 20mm Brass Pad Locks with 2 Keys Combo Padlocks Set for Luggage, Suitcase, Travelling(Color May Vary)",accessories,Bags & Luggage,https://m.media-amazon.com/images/W/IMAGERENDERING_521856-T1/images/I/61Eh2ExMgZL._AC_UL320_.jpg,,https://www.amazon.in/Rangwell-Padlocks-Luggage-Suitcase-Travelling/dp/B08HHBK9B3/ref=sr_1_14909?qid=1679144386&s=luggage&sr=1-14909,3.5,38,"Package Contents: 4-Piece Cast Iron Pincylindrical Lock Plastic painted body Auto Locking Mechanism Outer Body | 2 iron keys Body made of iron | Tight Security Lock, Impossible to open without keys | Best for travelling to lock suticase, bag- SMALL SIZE LOCKS (20mm) Premium Quality Finish",3.59,11.99
Contacts Genuine Leather Chest Bag Sling Bag Shoulder Bag Leather Crossbody Bag for Men (Hunter Brown),accessories,Bags & Luggage,https://m.media-amazon.com/images/I/51RujpR3YuL._AC_UL320_.jpg,product_images\20_Contacts_Genuine_Leather_Chest_Bag_Sling_Bag_Shoulder_Bag_Le.jpg,https://www.amazon.in/Contacts-Genuine-Leather-Shoulder-Crossbody/dp/B0B713XG2N/ref=sr_1_18630?qid=1679144508&s=luggage&sr=1-18630,5.0,7,"This small crossbody chest bag offers ultimate convenience and functionality. With adjustable shoulder straps (30~62cm approx), you can easily customize the fit to your liking. Whether you're going on a business trip or a weekend getaway, this sling bag is perfect for carrying your essentials in style. | The CONTACTS Design Full Grain Leather Sling Bag for Men is exquisitely crafted with high-quality materials, including Crazy horse leather, giving it a unique and timeless appeal. Its dark brown color adds a touch of sophistication to any outfit. | Designed with your comfort in mind, this sling bag features hooks on both sides, allowing you to choose to wear it either on your left or right shoulder. This innovative design helps relieve pressure and ensures a comfortable and relaxed experience throughout the day. | This compact and lightweight sling bag is not only suitable for everyday use but also perfect for outdoor activities such as camping, hunting, hiking, and more. Its durability and versatility make it an excellent choice for all your adventures. | With multiple compartments and pockets, this sling bag provides ample space to keep your belongings organized and easily accessible. The secure zipper closure ensures the safety of your valuables, while the stylish design keeps you looking fashionable wherever you go. | Disclaimer: All our products are made from genuine leather. Due to the nature of natural leather, there may be slight variations in color and texture between pictures & actual product. Also color may slightly vary due to lighting on the photography",11.95,50.4
ACTION OFFICE-84 Men's Black Synthetic Leather Formal Shoes,men's shoes,Formal Shoes,https://m.media-amazon.com/images/I/81KUyJcHF0L._AC_UL320_.jpg,product_images\21_ACTION_OFFICE-84_Men's_Black_Synthetic_Leather_Formal_Shoes.jpg,https://www.amazon.in/ACTION-OFFICE-84-Synthetic-Leather-Formal/dp/B09W2CT5K6/ref=sr_1_1485?qid=1679147936&s=shoes&sr=1-1485,3.6,22,Buy Action-OFFICE-84 Synthetic Leather Stylish & Comfortable Office Formal Shoes Foe Men Black from Formal Shoes at Amazon.in. 30 days free exchange or return,10.18,20.39
selinta Hair Towel Wrap Absorbent Towel Hair-Drying Bathrobe Magic Hair Warp Towel Super Quick-Drying Microfiber Bath Towe...,home & kitchen,Home Furnishing,https://m.media-amazon.com/images/W/IMAGERENDERING_521856-T1/images/I/61Dcg+4dZ7L._AC_UL320_.jpg,,https://www.amazon.in/selinta-Hair-Drying-Quick-Drying-Microfiber-Multicolor-400gsm/dp/B0B7DDWLP8/ref=sr_1_4483?qid=1679213157&s=kitchen&sr=1-4483,4.0,143,"Material: Manufactured from Microfiber Fabric. | This microfiber hair towel is the perfect bathroom accessory for any woman with any length of hair! | Absorbing microfiber hair drying cap Work without dripping water from wet hair and also gentle on hair and skin. Fits every head easily. | Advantage of this elegant towel hair wrap is; Its smaller size than a regular towel will not make your head feel heavy when you're wrapping hair. Hair Wrap is a different towel compared to the commonly used towel, can absorb more water than the usual towel.",1.67,8.39
"InstaCuppa Automatic Probiotic-Rich Yogurt Maker with Auto Temperature Regulation, Easy To Operate Electric Curd Maker Mac...",appliances,All Appliances,https://m.media-amazon.com/images/W/IMAGERENDERING_521856-T1/images/I/619ekpmDNCL._AC_UL320_.jpg,,https://www.amazon.in/InstaCuppa-Automatic-Probiotic-Rich-Temperature-Regulation/dp/B0B5NJP8K6/ref=sr_1_542?qid=1679135619&s=appliances&sr=1-542,4.3,319,"SETS PERFECTLY EVEN IN WINTER, AC ROOMS & COOL WEATHER - No more failed batches because your kitchen is too cold. No more wrapping vessels in towels hoping they'll stay warm enough. InstaCuppa's automatic temperature control maintains precise 42-45°C for 6-8 hours regardless of room temperature, season, or weather. Whether it's December's chill, your air-conditioned bedroom, or monsoon dampness, you get the same thick, probiotic-rich dahi every time. Finally, year-round consistency without temperature anxiety. | PRECISE 42-45°C = MAXIMUM PROBIOTICS FOR GUT HEALTH - At this scientifically proven temperature range, beneficial Lactobacillus bacteria multiply exponentially, creating billions of live cultures for optimal digestion, immunity, and gut wellness. Too cold (common in winter/AC), fermentation fails. Too hot (near heaters), you kill probiotics. InstaCuppa eliminates this guesswork with intelligent auto-control that maintains perfect warmth throughout fermentation. Your family gets maximum gut-health benefits in every bowl - fresh living probiotics, not dead cultures from weeks-old store yogurt. | SAVES ₹500+ MONTHLY + ZERO TEMPERATURE GUESSWORK - Make 1L of fresh, probiotic-rich yogurt for just ₹60 versus ₹120-150 for commercial yogurt. That's ₹500-600 saved monthly while getting superior gut-health benefits. More importantly, save yourself the mental stress of temperature management. No checking if the room is warm enough. No moving vessels around hunting for heat. No morning disappointment from watery half-set curd. Just press start and forget - perfect thick dahi every time, whatever the weather outside. | Premium Materials That Protect Your Family and Your Budget - Food-grade stainless steel interior ensures no plastic contact with your fermenting yogurt, safe for your family every single batch. Dual-seal lid system locks in freshness and prevents contamination during 6-8 hour fermentation. Energy-efficient 15-watt operation costs just ₹2-3 per batch, plus the peace of mind from premium food-safe materials your family deserves. | Billions of Live Probiotics for Stronger Immunity and Better Digestion - Fresh homemade yogurt contains exponentially more beneficial gut bacteria than store-bought varieties, supporting your family's immune system against seasonal illnesses. Good bacteria help reduce bloating, improve nutrient absorption, and support regular digestion - especially important for growing children and your own wellness. Each bowl works naturally to strengthen gut health, helping your family feel better from the inside out. Perfect for kids with fussy tummies or anyone dealing with digestive discomfort.",11.99,17.99
"Mungat Powerful Rechargeable Table Fan with 21 SMD LED Light, Table Fan for Home, Table Fans, Table Fan for Office Desk, T...",appliances,Heating & Cooling Appliances,https://m.media-amazon.com/images/I/41FQKbSye9L._AC_UL320_.jpg,product_images\24_Mungat_Powerful_Rechargeable_Table_Fan_with_21_SMD_LED_Light.jpg,https://www.amazon.in/Mungat-Powerful-Rechargeable-Kitchen-Multicolor/dp/B09DYX49VB/ref=sr_1_2284?qid=1679135169&s=kitchen&sr=1-2284,3.4,67,"2 in 1 7"" Inch Leaf Table Fan Works in AC and DC when Power Fails, Can Be Charged Using Solar Panel Boards also<br> | 5 step Speed and 21 LED with Low and High Brightness, Individual Button for Fan & Light. Both Fan & Light can be used at a Time. led lamp can be used 8 hours OR fan use up to 4 hours or more. led light and fan at the same time about the same use of up to 3 hours...<br> | The Fan Can Be Mounted in Fall and Can be Place on Table, an be carried anywhere easily, it is light weighted rechargeable fan; The charging cable is included in the box and this fan can also be charged using a micro usb cable.<br> | NEW UPDATED MODEL WITH EXTRA BATTERY BACKUP UPTO 6 to 8 HRS and you can also charge your mobile device using the backup from the fan<br> | Controller Type: Button Control; Mounting Type: Angled",11.99,22.79
lynx Women's Clutch,accessories,Bags & Luggage,https://m.media-amazon.com/images/W/IMAGERENDERING_521856-T1/images/I/81LOBuedjmL._AC_UL320_.jpg,,https://www.amazon.in/Formal-Stylish-Fashion-Leather-Wallet/dp/B082YFYS52/ref=sr_1_8159?qid=1679144165&s=luggage&sr=1-8159,4.0,675,Lynx Women's Clutch : Amazon.in: Fashion,4.19,11.99
Sjc Lady Fashion Parveen Enterprises-Lady Fashion Small Size Stone Silver Colour Stone Bindi Set Of 2 Packs,beauty & health,Make-up,https://m.media-amazon.com/images/W/IMAGERENDERING_521856-T1/images/I/61MmA0lQ9fL._AC_UL320_.jpg,,https://www.amazon.in/Lady-Fashion-Parveen-Enterprises-Lady-Silver/dp/B0899P48GY/ref=sr_1_9985?qid=1679215246&s=beauty&sr=1-9985,3.5,5,"Type : Silver Stone Bindi | Simple Yet elegant bindis to match your outfits | Self Adhesive & Just Ready for Use | Bindi for Women. Use for daily wear or any occasion.This product is handmade & may vary colour,size | Use for daily wear or any occasion",0.48,2.64
TRIPIN SILVER CUFFLINKS WITH SWAROVSKI ELEMENTS FOR MEN IN A GIFT BOX,accessories,Jewellery,https://m.media-amazon.com/images/I/615wLzDCSaL._AC_UL320_.jpg,product_images\27_TRIPIN_SILVER_CUFFLINKS_WITH_SWAROVSKI_ELEMENTS_FOR_MEN_IN_A.jpg,https://www.amazon.in/TRIPIN-SILVER-CUFFLINKS-SWAROVSKI-ELEMENTS/dp/B00VLOCEEO/ref=sr_1_4134?qid=1679145290&s=jewelry&sr=1-4134,3.9,15,Buy TRIPIN Cufflinks and TIE PIN Set for Men Silver and Black Colour for Office Corporate Party French Cuff Shirts Shirt Suit Blazer in A Gift Box (B06ZZH6NQG) (HNAPZSIL1145) from Cufflinks at Amazon.in. 30 days free exchange or return,4.78,11.99
MYZA Women's Spandex or Polyester Lace Camouflage Regular Thong Panties Underwear,women's clothing,Lingerie & Nightwear,https://m.media-amazon.com/images/I/61xN2Adg6cL._AC_UL320_.jpg,product_images\28_MYZA_Women's_Spandex_or_Polyester_Lace_Camouflage_Regular_Th.jpg,https://www.amazon.in/MYZA-Polyester-Camouflage-Underwear-RIOE-PN-05050/dp/B082HLHXH9/ref=sr_1_10738?qid=1679155255&s=apparel&sr=1-10738,2.7,5,Buy MYZA Women's Spandex or Polyester Lace Camouflage Regular Thong Panties Underwear(RIOE-PN-05050) (Medium) from G-Strings & Thongs at Amazon.in,3.59,5.99
"KZ EDC in-Ear Monitors, HiFi Stereo Stage/Studio IEM Wired Noise Isolating Sport Earphones/Earbuds/Headphones with Detacha...","tv, audio & cameras",Headphones,https://m.media-amazon.com/images/W/IMAGERENDERING_521856-T2/images/I/61a28duuM7L._AC_UL320_.jpg,,https://www.amazon.in/KZ-Isolating-Headphones-Detachable-Audiophile/dp/B09M89JVGP/ref=sr_1_3028?qid=1679128873&s=electronics&sr=1-3028,3.0,20,"HD Resolution From TheCore Dynamic Driver Unit.10mm high resolution dynamic driver +through-tube internal structure.Equipped with 10mm high-definition resolution dynamic unitand large size external magnetic structure. Through-tube cavitystructure makes the sound signal present directly and enjoy themusic like you were actually at the scene. | Exquisite Craftsmanship AndEmbedded Personalized Metal Parts.Simple custom appearance with incredibletwo-tone color.Colorful skin-friendly resin housings Embed bright and shinymetal parts, not only shows unique personality beauty, but alsoreduce the internal discordant resonance of the cavity. | Excellent PerformanceEasy To Drive By Phone.You can get better music detail resolution withprofessional players.Powerful performance potential brings more choices, you canuse professinal player to experience the live sound like youwere in the theater. Though using telephone or MP3, you canalso enjoy high quality music. | Lightweight And ComfortableWearing ,Ergonomic design with excellent sound insulationand noise reduction ,Fit the shape of the human ear, and effectively reduce externalnoise interference when worn correctly. Have no fear of vigorousexercises owing to the stable and comfortable wearing. | OFC Oxygen-freeCopper Flat Cable ,Selected high-specification oxygen-freecopper cable to reduce the signal loss ,Oxygen-free copper cable effectively reduces signal loss during transmission,and the outer layer is wrapped withinsulating material, so the double lineparallel cable is not easily tangled andhas a longer using time.",9.95,16.79
Precious Moments BIS Hallmarked Personalised Anniversary 10/20/50/100 gm 999 Pure Silver Coin by ACPL,accessories,Fashion & Silver Jewellery,https://m.media-amazon.com/images/I/71D2riRE-VL._AC_UL320_.jpg,product_images\30_Precious_Moments_BIS_Hallmarked_Personalised_Anniversary_102.jpg,https://www.amazon.in/Precious-Moments-Hallmarked-Personalised-Anniversary/dp/B09MQR4PQ3/ref=sr_1_1350?qid=1679159973&s=jewelry&sr=1-1350,4.6,229,Buy Precious Moments BIS Hallmarked Personalised 5 Gm Anniversary Silver Coin 999 Pure by ACPL from Coins at Amazon.in,17.28,24.0
VIP Aristocrat Polyester Softsided (Set of 3 Pieces) Small Medium and Large 4W Strolly Luggage (Blue),accessories,Bags & Luggage,https://m.media-amazon.com/images/I/61j3WQBkEKL._AC_UL320_.jpg,product_images\31_VIP_Aristocrat_Polyester_Softsided_(Set_of_3_Pieces)_Small_M.jpg,https://www.amazon.in/VIP-Aristocrat-Polyester-Softsided-Strolly/dp/B08CCB7K17/ref=sr_1_15255?qid=1679144397&s=luggage&sr=1-15255,4.0,68,"SPINNER WHEELS - FOUR WHEELSZERO EFFORT, FOUR MULTIDIRECTIONAL SPINNER WHEELS ALLOW 360 DEGREE UPRIGHT ROLLING IN MULTIPLE DIRECTIONS SO THERE IS NO WEIGHT ON YOUR ARM.? | CROSS STRAPS - SECURE THE CONTENTS OF YOUR LUGGAGE TO HELP PREVENT SHIFTING THAT CAN CAUSE DAMAGE THEY ALSO HELP KEEP THE CONTENTS OF YOUR LUGGAGE ORGANIZED.? | 100% POLYESTER :- ABSORBS IMPACT UNDER STRESS PROVIDES DURABILITY AND FLEXIBILITY.? | RUBBER PATCHES ON THE INNER STRAPS TO PREVENT TEARING.?; PROTECT YOUR BELONGINGS WITH OUR EASY TO USE COMBINATION LOCKS.? | Department Name: Unisex",113.76,332.28
REBUY Red Tiger Eye Mala 8 mm Beads 108 Beads Reiki Crystal Healing Stone Mala for Men and Women,accessories,Fashion & Silver Jewellery,https://m.media-amazon.com/images/I/71cprIwPNdL._AC_UL320_.jpg,product_images\32_REBUY_Red_Tiger_Eye_Mala_8_mm_Beads_108_Beads_Reiki_Crystal_.jpg,https://www.amazon.in/REBUY-Tiger-Beads-Crystal-Healing/dp/B08LBM19J8/ref=sr_1_7076?qid=1679160183&s=jewelry&sr=1-7076,4.5,14,REBUY Red Tiger Eye Mala 8 mm Beads 108 Beads Reiki Crystal Healing Stone Mala for Men and Women : Amazon.in: Fashion,9.59,19.19
DazzelOn Ceiling Projector Mount Height Adjustable Universal Stand Fits Epson Optoma Benq Viewsonic Projectors (Alloy Stee...,"tv, audio & cameras",Home Entertainment Systems,https://m.media-amazon.com/images/I/61SVLHAzBcL._AC_UL320_.jpg,product_images\33_DazzelOn_Ceiling_Projector_Mount_Height_Adjustable_Universal.jpg,https://www.amazon.in/DazzelOn-Projector-Adjustable-Universal-Projectors/dp/B08FBKG4YV/ref=sr_1_4647?qid=1679128384&s=electronics&sr=1-4647,3.8,60,"Universal Projector Mount - The hanger is easy to place and has three-hole and four-hole configuration. Fits the majority of projectors on the market. This mount can be used on flat ceiling. | Strong Support - Crafted from premium quality and heavy duty steel to provide a reliable projector mount with maximum strength and support. Our products can bear the maximum support weight: 33 lbs / 15 kg, if used in large projectors, the stand may bend. | Adjustable - Features -15°to +15°tilt, Roll: -8 to +8 degrees, Maximum distance between mounting holes: 17.5 in/ 44.5 cm. | 2 in 1 DESIGN : Can be installed as a Flush mount or Telescopic with height adjustment 16.92"" - 25.59"". Minimum distance from ceiling (w/o extension column): 4.7in/12cm. | Easy to Install - Quick release hooks attach and detach by tightening and loosening the mounting bolts. All necessary hardware and instructions are provided for assembly.",9.83,23.99
Godox BDR-W550 Beauty Dish Reflector White 55cm Bowens Mount,"tv, audio & cameras",Camera Accessories,https://m.media-amazon.com/images/W/IMAGERENDERING_521856-T1/images/I/51pKl6KaFfL._AC_UL320_.jpg,,https://www.amazon.in/BDR-S550-Beauty-Reflector-Bounce-BDR-C550/dp/B07BFXFVLZ/ref=sr_1_7092?qid=1679132954&s=electronics&sr=1-7092,4.6,4,Diameter of 55cm | Provides virtually shadow-free light | Ideal for portrait photography | White inside,67.5,68.28
Body Maxx 5 Kg x 2 Pcs;PVC Dumbells;Color Blue;Total Weight ; 10 Kg,sports & fitness,Strength Training,https://m.media-amazon.com/images/W/IMAGERENDERING_521856-T1/images/I/51TKuFCZwTL._AC_UL320_.jpg,,https://www.amazon.in/Body-Dumbells-Color-Total-Weight/dp/B07CSPQ38C/ref=sr_1_5999?qid=1679218102&s=sports&sr=1-5999,3.9,140,Style Name: All-Season; Material Type: Plastic,7.79,20.4
Longies Women's Cotton Blend Boxer Regular Fit Casual Shorts,women's clothing,Western Wear,https://m.media-amazon.com/images/W/IMAGERENDERING_521856-T1/images/I/81i8ka5HzDS._AC_UL320_.jpg,,https://www.amazon.in/Longies-Womens-Regular-LWSDPO2V001_Yellow-Blue001_L/dp/B08WYRQPC1/ref=sr_1_8152?qid=1679153738&s=apparel&sr=1-8152,3.7,166,"Buy Longies Women's Boxer Shorts (LWSDPO2V001_White,Red003_M) from Shorts at Amazon.in. 30 days free exchange or return",5.18,15.59
"LG 1.5 Ton 3 Star Convertible, Dust Filter, Dehumidifier, Auto Clean Split System AC (Copper, Inverter, Convertible, 2021,...",appliances,Air Conditioners,https://m.media-amazon.com/images/I/61TP9Py7t3L._AC_UL320_.jpg,"product_images\37_LG_1.5_Ton_3_Star_Convertible,_Dust_Filter,_Dehumidifier,_Au.jpg",https://www.amazon.in/LG-Inverter-Convertible-Cooling-LS-Q18PNXA/dp/B08LVLQPVX/ref=sr_1_317?qid=1679134253&s=kitchen&sr=1-317,4.2,101,"Split AC with inverter compressor: variable speed compressor which adjusts power depending on heat load. It is most energy efficient and has lowest-noise operation | Capacity: 1.5 Tonnage Range. Suitable for medium sized rooms (151 to 200 sq. ft.) | Energy Rating: 3 Star. Annual energy consumption: 1050.84 units. ISEER value: 3.68 (please refer energy Label on product page or contact brand for more details) | 10 Years on compressor with gas charging, 5 years on PCB and 1 year on product | Copper with ocean black protection: Prevents from Rust & Corrosion; Increase Durability; Uninterrupted Cooling | Special features: dual inverter; Ocean Black fin; antibacterial filter; EZ clean filter; magic display; Himalaya cool; stabilizer free operation (120v~290 v); auto clean; low gas detection | High-grooved percent copper, HD dust filter, auto air swing (up-down), auto clean, monsoon comfort, smart diagnosis system, low gas detection | Refrigerant gas: R32. no ozone depletion potential and low global warming potential | Indoor (cm) (WxHxD): 83.7 x 30.8 x 18.9 I Outdoor (cm) (WxHxD): 77.0 x 54.5 x 28.8 I Indoor (Kg): 11.5 I Outdoor (Kg): 32 | Included in the box: 1 Indoor unit, 1 outdoor unit, inter Connecting pipe, 1 remote, 1 Manual, 1 Warranty card, 2 batteries, inter Connecting wire",467.88,670.8
MJDCNC WiFi Wireless HD IP Security Camera CCTV [Watch Live Demo] | Two Way Communication | Night Vision Camera | Supports...,"tv, audio & cameras",Security Cameras,https://m.media-amazon.com/images/I/61yQqZ7yI+L._AC_UL320_.jpg,product_images\38_MJDCNC_WiFi_Wireless_HD_IP_Security_Camera_CCTV_[Watch_Live_.jpg,https://www.amazon.in/MJDCNC-Wireless-Security-Communication-Supports/dp/B09X1M5S5H/ref=sr_1_4707?qid=1679132253&s=electronics&sr=1-4707,5.0,1,"REAL PLUG AND PLAY: This smart wireless camera is designed with easy setup feature for do-it-yourself installation. | 360 DEGREE MOBILE CONTROL : Rotate camera horizontally or vertically from anywhere in the world using mobile application. | IR NIGHT VISION: HD night vision with inbuilt IR lens for crisp & clear image even in dark. | MOTION DETECTION: Will send alerts whenever any motion is detected. One way audio where you can listen what is spoken around the camera monitored on a particular activity. It can be used in for various purposes such as Baby Monitor, Elderly Care, Small Store Management and Room Surveillance. | Simple and Easy to Setup via iOS and Android Devices by Using Free App. Not restricted to only Manufacture's Apps like others. Compatible with Third-Party Apps Live Cams Pro and Tiny Cam. Compatible with Third-Party Recording Applications like Blue Iris, Zone minder, spy.",19.19,47.99
Walkaroo Men's Mesh Running Shoes (WS9013),men's shoes,Sports Shoes,https://m.media-amazon.com/images/W/IMAGERENDERING_521856-T1/images/I/813vvKi4zEL._AC_UL320_.jpg,,https://www.amazon.in/Walkaroo-Mens-Running-Shoes-8-WS9013/dp/B085LT5R4Q/ref=sr_1_12859?qid=1679147648&s=shoes&sr=1-12859,3.6,14,Buy Walkaroo Men Navy Blue Running Shoes-8 UK (41 EU) (9 US) (WS9013) from Running Shoes at Amazon.in. 30 days free exchange or return,13.19,15.59
"Lotus Herbals Whiteglow Skin Whitening And Brightening Massage Creme, 60g",stores,Amazon Fashion,https://m.media-amazon.com/images/W/IMAGERENDERING_521856-T1/images/I/51BlT7SfdGL._AC_UL320_.jpg,,https://www.amazon.in/Lotus-Herbals-Whiteglow-Whitening-Brightening/dp/B00EU4Z2QE/ref=sr_1_14427?qid=1679212522&s=apparel&sr=1-14427,4.2,"2,071","It will stimulate circulation | It polish and tighten pores | It refine skin texture | It leave skin feeling invigorated and luminous | It revitalizes dry, tired skin creating a youthfully soft glow",3.88,5.16
Lionet Women's Cotton Non-Padded Non-Wired Regular Bra Combo Pack of 3 (Multicolor),women's clothing,Lingerie & Nightwear,https://m.media-amazon.com/images/W/IMAGERENDERING_521856-T2/images/I/81dfHR3Xh2L._AC_UL320_.jpg,,https://www.amazon.in/Lionet-Womens-Non-Padded-Non-Wired-Regular/dp/B0B7C7QN6C/ref=sr_1_8693?qid=1679155175&s=apparel&sr=1-8693,3.0,1,"Buy Lionet Women's Cotton Non-Padded Non-Wired Regular Bra Combo Pack of 3 (White, Pink, Brown) from Everyday Bras at Amazon.in",4.79,9.59
Peora Velvet Matching Kundan Floral Silk Thread Chura Bangle Set for Women (2.6 inch),accessories,Fashion & Silver Jewellery,https://m.media-amazon.com/images/I/81r9Q4p2SxL._AC_UL320_.jpg,product_images\42_Peora_Velvet_Matching_Kundan_Floral_Silk_Thread_Chura_Bangle.jpg,https://www.amazon.in/Peora-Matching-Hangings-Traditional-Jewellery/dp/B081T9LWMY/ref=sr_1_1924?qid=1679159995&s=jewelry&sr=1-1924,3.9,421,Buy Peora Velvet Matching Kundan Floral Silk Thread Chura Bangle Set Navratri Gift for Women (2.6 inch) (Maroon) from Bangles at Amazon.in. 30 days free exchange or return,9.95,46.04
"Women's Kota Doria Saree With Light Green & Blue Peacock Embroidery Baby Pink Color Saree Ansar Fashion, Full Size",women's clothing,Clothing,https://m.media-amazon.com/images/I/81ZEgJQLeGS._AC_UL320_.jpg,product_images\43_Women's_Kota_Doria_Saree_With_Light_Green_&_Blue_Peacock_Emb.jpg,https://www.amazon.in/Womens-Doria-Peacock-Embroidery-Fashion/dp/B099RJMHVN/ref=sr_1_18141?qid=1679153396&s=apparel&sr=1-18141,2.1,3,"Women's Kota Doria Saree With Light Green & Blue Peacock Embroidery Baby Pink Color Saree Ansar Fashion, Full Size : Amazon.in: Fashion",14.39,30.0
Cable Protector | 1.5 Meter/ 150 Cms (3 Pcs) Charging Cable Protector Winder | Full Size Spiral Triple Color Cable Saver C...,"tv, audio & cameras",Camera Accessories,https://m.media-amazon.com/images/I/71WokIxfj0L._AC_UL320_.jpg,product_images\44_Cable_Protector__1.5_Meter_150_Cms_(3_Pcs)_Charging_Cable_Pr.jpg,https://www.amazon.in/Cable-Protector-Winder-Saver-Compatible/dp/B09Z8CBDZR/ref=sr_1_7035?qid=1679132950&s=electronics&sr=1-7035,4.4,7,"✅ [Package Include] Get 3 pieces cable protectors. Each piece about 1.5 Meter/ 150 Cms (4.9ft). Allows cropping to desired length, adjustable/removable,suitable for most cable. | ✅ [Protect Cables]When pets always like to chew our data cables, this protective cover can protect cables, save money and avoid constantly buying new charging cables,also protect pets from injuries. | ✅ [Premium Material] Made of high quality PVC.Durable and reliable.Prevent the data cable from being broken and worn during using, and prolong the service life of the data cable. | ✅ [Bright & Special Colors]The special colored spiral cable protector makes your cable unique, and the beautiful design gives your cable a new look. | ✅ [Warm Tips]The spiral cover needs to be wrapped around the cable, which may take you some time to get it done, just keep patient and enjoy your DIY time. Your joyful shopping experience is our aspiration.",2.39,7.19
minicult Cotton Pajama Pants with All Over Print for Boys and Girls (Multicolor Designs)(Regular Fit)(Pack of 5),stores,Amazon Fashion,https://m.media-amazon.com/images/W/IMAGERENDERING_521856-T1/images/I/71G6UQ0ZUeL._AC_UL320_.jpg,,https://www.amazon.in/Mini-Cult-Cotton-Pyjama-Multicolour/dp/B07DQL4T8D/ref=sr_1_3522?qid=1679212401&s=apparel&sr=1-3522,4.0,"26,549","Buy minicult Unisex-Child Mid Rise Cotton Pajama Pants with All Over Print and (Multicolor Designs)(Regular Fit)(Pack of 5) (2 Years-3 Years, Multicolour, 5) from Pyjamas at Amazon.in. 30 days free exchange or return",8.3,35.99
Caprese Women's Tote Bag (Grey),accessories,Bags & Luggage,https://m.media-amazon.com/images/I/41M3SqPxHsL._AC_UL320_.jpg,product_images\46_Caprese_Women's_Tote_Bag_(Grey).jpg,https://www.amazon.in/Caprese-Womens-Tote-bag-Grey/dp/B09FT5C9RW/ref=sr_1_13779?qid=1679144350&s=luggage&sr=1-13779,4.1,25,Buy Caprese womens KATINA T Large GREY Tote Bag from Top-Handle Bags at Amazon.in. 30 days free exchange or return,14.04,32.39
Lovely Butterflies - Laser Cut Chipboard,home & kitchen,Sewing & Craft Supplies,https://m.media-amazon.com/images/I/81FXCpGRIiL._AC_UL320_.jpg,product_images\47_Lovely_Butterflies_-_Laser_Cut_Chipboard.jpg,https://www.amazon.in/Lovely-Butterflies-Laser-Cut-Chipboard/dp/B08P71PH7T/ref=sr_1_8429?qid=1679214420&s=kitchen&sr=1-8429,4.1,16,"Approx 1.5 MM thick Laser Cut Chipboard Embellishments | Use them for Layouts, Cards, Invitations, Boxes, Scrapbooks, Art and Craft works, Mixed Media, DIY Projects, School Projects or any kind of decoration | 5.56” X 6” board in which laser cut designs are retained and can be removed easily with cutter | Intricate and Beautiful, High Quality Vintage White finish chipboards. | No gesso or priming required. Use as is or with paints, sprays, Inks, Markers, Embossing powder, Stains and more",3.24,5.99
"MIRJAI Women's Maternity Feeding Top with Zip for Easy Nursing, Latest Stylish Feeding Tops,Maternity Short Kurti for Mothers",women's clothing,Clothing,https://m.media-amazon.com/images/I/41fu6keiJXL._AC_UL320_.jpg,product_images\48_MIRJAI_Women's_Maternity_Feeding_Top_with_Zip_for_Easy_Nursi.jpg,https://www.amazon.in/MIRJAI-Maternity-Feeding-Top-Nursing/dp/B0BJKYGLYF/ref=sr_1_12969?qid=1679153211&s=apparel&sr=1-12969,1.0,1,"MIRJAI Women's Maternity Feeding Top with Zip for Easy Nursing, Latest Stylish Feeding Tops,Maternity Short Kurti for Mothers (M, Peach) : Amazon.in: Clothing & Accessories",6.78,11.87
"Elv FPStyli-2Gen-JETBLKIN Fine Point 2nd Gen Stainless Steel Stylus Pen for Tablets, Smartphones, Amazon Kindle (Jet Black)","tv, audio & cameras",All Electronics,https://m.media-amazon.com/images/I/616E5XqQSgL._AC_UL320_.jpg,product_images\49_Elv_FPStyli-2Gen-JETBLKIN_Fine_Point_2nd_Gen_Stainless_Steel.jpg,https://www.amazon.in/FPStyli-2Gen-JETBLKIN-Fine-Point-Stylus-Black/dp/B01MG7DBNW/ref=sr_1_2477?qid=1679133809&s=electronics&sr=1-2477,3.9,"16,591","Precision: The clear disc allows you to see exactly where your mark is being made and gives you the accurate point, perfect for taking notes and drawing apps - 100 percent compatible with all capacities touch screen devices (apple iPad, iPhone, iPod, kindle, tablet, galaxy and more) | Replaceable tip feature: Replacing can be done within a second without tool, extend lifetime of the stylus | About the stylus: Length: 5.5 inch (140mm) | Pen tube diameter 0.35 inch (9mm) | Disc diameter: 0.27 inch (6.8mm) including 2mm rubber point | Fiber tip diameter: 0.24 (6mm) | 10 days warranty on the manufacturing defect",4.19,18.83
"Samsung Galaxy M13 (Aqua Green, 4GB, 64GB Storage) | 6000mAh Battery | Upto 8GB RAM with RAM Plus","tv, audio & cameras",All Electronics,https://m.media-amazon.com/images/I/81-fFXQdPTL._AC_UL320_.jpg,"product_images\50_Samsung_Galaxy_M13_(Aqua_Green,_4GB,_64GB_Storage)__6000mAh_.jpg",https://www.amazon.in/Samsung-Galaxy-Storage-6000mAh-Battery/dp/B0B4F2TTTS/ref=sr_1_269?qid=1679133665&s=electronics&sr=1-269,4.1,"22,813","6000mAh lithium-ion battery, 1 year manufacturer warranty for device and 6 months manufacturer warranty for in-box accessories including batteries from the date of purchase | Upto 12GB RAM with RAM Plus | 64GB internal memory expandable up to 1TB| Dual Sim (Nano) | 50MP+5MP+2MP Triple camera setup- True 50MP (F1.8) main camera +5MP(F2.2)+ 2MP (F2.4) | 8MP (F2.2) front cam | Android 12,One UI Core 4 with a powerful Octa Core Processor | 16.72 centimeters (6.6-inch) FHD+ LCD - infinity O Display, FHD+ resolution with 1080 x 2408 pixels resolution, 401 PPI with 16M color",131.99,179.99
Boldwink Women's Lucknow Chicken Art Work Embroidered Cotton Lycra Pants,women's clothing,Ethnic Wear,https://m.media-amazon.com/images/I/61PEyS5gKDL._AC_UL320_.jpg,product_images\51_Boldwink_Women's_Lucknow_Chicken_Art_Work_Embroidered_Cotton.jpg,https://www.amazon.in/Boldwink-Womens-Pants-WN02-White/dp/B08JM4W7BZ/ref=sr_1_9514?qid=1679154478&s=apparel&sr=1-9514,3.8,97,Buy Boldwink Women's Loose Fit Pants (WN02_White_Free Size) from Bottom Wear at Amazon.in. 30 days free exchange or return,8.94,15.0
"HUMBLE Silicone 19mm Replacement Band Strap with Metal Buckle Compatible with Noise Colorfit Pro 2 , Storm Smart Watch & W...","tv, audio & cameras",All Electronics,https://m.media-amazon.com/images/I/51USFACDz6L._AC_UL320_.jpg,product_images\52_HUMBLE_Silicone_19mm_Replacement_Band_Strap_with_Metal_Buckl.jpg,https://www.amazon.in/Silicone-Replacement-Compatible-Colorfit-Watches/dp/B09FK9S54H/ref=sr_1_1140?qid=1679133719&s=electronics&sr=1-1140,3.9,"5,541","HUMBLE Silicone 19mm Replacement Band Strap with Metal Buckle Compatible with Noise Colorfit Pro 2, Storm Smart Watch & Watches with 19mm Lugs (Black) : Amazon.in: Electronics",3.34,7.19
"Little's Soft Cleansing Baby Wipes with Aloe Vera, Jojoba Oil and Vitamin E (72 wipes) - Pack of 2",toys & baby products,Diapers,https://m.media-amazon.com/images/I/61lhXLOgQoL._AC_UL320_.jpg,"product_images\53_Little's_Soft_Cleansing_Baby_Wipes_with_Aloe_Vera,_Jojoba_Oi.jpg",https://www.amazon.in/Littles-Cleansing-Wipes-Jojoba-Vitamin/dp/B09KNMSZRR/ref=sr_1_4611?qid=1679219820&s=baby&sr=1-4611,4.6,14,"No parent wants their child to come in contact with anything harmful. Your baby’s skin is delicate and needs to be treated with utmost care. | Little's Soft Cleansing Baby Wipes is a 50:50 blend of polyester and viscose. While both are manmade fibers, they offer a better alternative to cotton. | When it comes to your little one’s skin, you will have none of those flimsy or coarse wipes that tear easily or cause aggravation. | Dry skin met with dry wipes don’t bode well for your baby’s feather-soft skin. Your baby's skin is supple, smooth and very delicate. | For something as tender and pure as your baby’s skin, only the most pristine and gentle product will suffice. And Little's baby wipes are completely paraben free. | When your baby’s skin gets too dry or develops cradle cap, most parents resort to the aloe vera treatment, massaging the gel into the skin gently before changing diapers or pulling on clothes. | Wipe Size: 50cm x 20cm",2.16,2.38
Joker & Witch Ella White Dial Rosegold Watch for Women,accessories,Watches,https://m.media-amazon.com/images/I/61AM1eecgAL._AC_UL320_.jpg,product_images\54_Joker_&_Witch_Ella_White_Dial_Rosegold_Watch_for_Women.jpg,https://www.amazon.in/Joker-Witch-White-Rosegold-Watch/dp/B07YKMZG5R/ref=sr_1_1448?qid=1679155670&s=watches&sr=1-1448,3.6,22,Joker & Witch Ella White Dial Rosegold Watch for Women : Amazon.in: Fashion,11.39,45.59
"Nutriciô Pro berry++ Multi Fruit juice, Antioxidant & Immunity Booster 1000ml, Truly Organic (Pack of 1)",grocery & gourmet foods,"Coffee, Tea & Beverages",https://m.media-amazon.com/images/I/51q8-obm6iL._AC_UL320_.jpg,"product_images\55_Nutriciô_Pro_berry++_Multi_Fruit_juice,_Antioxidant_&_Immuni.jpg",https://www.amazon.in/Nutrici%C3%B4-Antioxidant-Immunity-Booster-Organic/dp/B0B4GGQ11G/ref=sr_1_6427_mod_primary_new?qid=1679216447&s=grocery&sbo=RZvfv%2F%2FHxDF%2BO5021pAnSA%3D%3D&sr=1-6427,5.0,2,"Anti-oxidant, Immunity booster, Healthy, Antioxidant, fruit juice, diet | Immunity booster, Antioxidant, Low calorie, No Sweetner",24.3,29.99
"Ship Smart Polyester Photo Cushion/Pillow with Filler (Multicolour, 12x12 Inches, Style 25)",home & kitchen,Home Furnishing,https://m.media-amazon.com/images/W/IMAGERENDERING_521856-T2/images/I/71a2a62Sf3L._AC_UL320_.jpg,,https://www.amazon.in/Ship-Smart-Polyester-Cushion-Multicolour/dp/B09B58L157/ref=sr_1_7793?qid=1679213219&s=kitchen&sr=1-7793,4.2,108,"✔ Ship Smart luxurious Cushion/Pillows are digitally printed with high definition quality, in vibrant designing with rich and sharp colours for your loved ones | ✔ How To Send Photo And Message - Kindly Read Instructions mentioned in Product Image No 2 or see manufacturer contact details below. | ✔ Material : Good Quality Micro Fabric with dupion silk back high quality print; Color : Multi ; Size : 12x12 Inches | ✔ GOOD FOR GIFTING: A Perfect Gift Idea can be gifted to your loved ones on the occasions like, Birthday, Anniversary, Wedding, Festival, House Warming parties, Mother’s Day, Father’s day, Valentine’s Day, baby shower,For best friends, Christmas etc . This Cushion makes a unique gift for special occasions. | ✔Ideal for gifting to Loved Ones, friends, family, near-dears on happy occasions, birthdays, friendship days, anniversaries,thanks giving and lots more,Valentine great gift for expressing love to your boyfriend, girlfriend, wife, husband , spouse, fiance, fiancee on valentine's day, anniversary, birthday",3.29,11.99
FENTICO VGA to HDMI Adapter VGA to HDMI Converter VGA Male to HDMI Female with 3.5MM Audio Jack Full HD 1080P for Connecti...,"tv, audio & cameras",Camera Accessories,https://m.media-amazon.com/images/W/IMAGERENDERING_521856-T2/images/I/51BVo5ZvOxL._AC_UL320_.jpg,,https://www.amazon.in/Adapter-Converter-Connecting-Computer-Projector/dp/B09XWHTRYG/ref=sr_1_3588?qid=1679132758&s=electronics&sr=1-3588,3.2,74,"Only From VGA to HDMI Imported super quality adapting chipset, converting and outputting VGA signal to HDMI display devices. This converter is NOT bi-directional, it is vga to hdmi adapter | Powerful Performance The VGA male to HDMI female converter support VGA input resolution from 800*600 to 1920*1080 for PC. Support HDMI Output resolution up 720P/1080i/1080P for HDTV/Projector/Monitor | Universal Compatibility Work with PC, laptop, TV,TV-Box and other VGA output devices. HDMI port can be connected to projectors, HDTV, monitors/Displayer and other device with HDMI port. Compatible with Win 7, Win 8 | Plug and Play No driver needed, easy to use, fast, convenient and compact. Aluminum alloy case and gold-plated HDMI interface, high wear corrosion resistance, stable and durable for HD data transmission | 3.5mm Audio Output The clear sound can be output by earphones or by the audio cable which connects to a 3.5mm audio port of this adapter?Our aim is to do the most favorable and most quality assurance services and products, any dissatisfaction can be quickly returned to meet customer needs",5.98,11.98
Duke Men's Fwi0481 D.Grey/Blue Training Shoes - 6 UK (40 EU) (7 US) (FWI0481D.Grey/Blue),stores,Sportswear,https://m.media-amazon.com/images/I/71js6x6W7WL._AC_UL320_.jpg,product_images\58_Duke_Men's_Fwi0481_D.GreyBlue_Training_Shoes_-_6_UK_(40_EU)_.jpg,https://www.amazon.in/Duke-Fwi0481-Training-FWI0481D-Grey-Blue/dp/B07VJ7WPPJ/ref=sr_1_3493?qid=1679149441&s=apparel&sr=1-3493,1.0,1,Buy Duke Men Fwi0481 D.Grey Training Shoes-6 UK (40 EU) (7 US) (FWI0481D.Grey/Blue) from Training Shoes at Amazon.in. 30 days free exchange or return,20.3,43.14
"Irkaja 1/2"" Faucet Stainless Brass Finish Tap Suitable for Washing Machine Inlet Hose Pipe, Outside Garden Watering, Car W...",appliances,All Appliances,https://m.media-amazon.com/images/I/71FKUT0Nz0L._AC_UL320_.jpg,product_images\59_Irkaja_12_Faucet_Stainless_Brass_Finish_Tap_Suitable_for_Was.jpg,https://www.amazon.in/Irkaja-Stainless-Suitable-Washing-Watering/dp/B083SSMNFD/ref=sr_1_1088?qid=1679135652&s=appliances&sr=1-1088,3.8,442,"Running Water Tap Suitable for Washing Machine Inlet Hose Pipe, Outside Garden Watering, Car Washing, Public Places, Home Mop Sink, Laundry Water Pools With Water | Ball valves system; | taps are operated by a quarter turn; | Material: Brass | Hozelock compatible metal quick-fit adaptor included;",4.79,5.99
"Peter England Men's Cotton Handkerchief (Multicolour, 44 x 44 cm) - Pack of 3",stores,Men's Fashion,https://m.media-amazon.com/images/I/61iFf8oHVyL._AC_UL320_.jpg,"product_images\60_Peter_England_Men's_Cotton_Handkerchief_(Multicolour,_44_x_4.jpg",https://www.amazon.in/Peter-England-Cotton-Handkerchief-Multicolour/dp/B07XV72QD4/ref=sr_1_9114?qid=1679151095&s=apparel&sr=1-9114,3.9,125,"Peter England Men's Cotton Handkerchief (Multicolour, 44 x 44 cm) - Pack of 3 : Amazon.in: Fashion",2.99,3.47
KORD STORE Traditional Contemporary Finger Rings for Women & Girls | Wedding Ring | Big Ring | Silver Oxidised Plated Ring,accessories,Fashion & Silver Jewellery,https://m.media-amazon.com/images/W/IMAGERENDERING_521856-T2/images/I/61XBqG3J2YL._AC_UL320_.jpg,,https://www.amazon.in/Kord-Store-Traditional-Plated-Adjustable/dp/B09TDT5KRV/ref=sr_1_9186?qid=1679160258&s=jewelry&sr=1-9186,5.0,3,"Kord Store Present Indian Traditional Latest Rajwadi Stylish Designer Antique Gold Plated Wedding Collection Finger Ring For Women and Girl. Product Contains: 1 Finger Ring Quality Assurance: Our product quality is as per International Standards that makes it very skin friendly. We use premium quality Diamonds, Kundan, Moti, Beads. Our Product made from toxic free materials anti-allergic and safe for skin. It can be worn over long time periods without any complains of ach and swelling. Perfect gift: Wedding, Birthday, Diwali, Raksha Bandhan, Baby Shower, Valentine, Anniversary, Birthday, Occasional and Surprise gift to your loved ones. Product Care Instructions: Avoid direct contact of water, perfume sprays, deo spray etc. Do not use velvet boxes to store of fashion jewelry. Wear jewelry after completion of your makeup and perfume spray. After use of jewelry, wipe with soft cotton cloth and keep inside in eco paper packets. With a Vision to incorporate multiple products in every sector, and a Mission to satisfy our customers with various products; we look forward to share cordial business ethos.",2.58,11.99
ALSU Women's Green Hand Clutch Wallet Purse_GDU-014blshgrn,accessories,Handbags & Clutches,https://m.media-amazon.com/images/W/IMAGERENDERING_521856-T1/images/I/71UPxBszn7L._AC_UL320_.jpg,,https://www.amazon.in/ALSU-Womens-Clutch-Wallet-Purse_GDU-014blshgrn/dp/B09TMCRB21/ref=sr_1_15636?qid=1679159113&s=shoes&sr=1-15636,3.8,6,"ALSU Women's Hand Wallet Purse Clutch | Phone Pocket| 4 Card Slots| Coin Pockets| Smooth Material (Light Green) : Amazon.in: Bags, Wallets and Luggage",4.43,17.99
WOW IMAGINE Shock Proof Clear Back Cover Case Mobile Cover for 1+ Oneplus Nord 2 5G | OnePlus Nord 2 5G Pac-Man Edition (H...,"tv, audio & cameras",All Electronics,https://m.media-amazon.com/images/I/51I0SoeMoTL._AC_UL320_.jpg,product_images\63_WOW_IMAGINE_Shock_Proof_Clear_Back_Cover_Case_Mobile_Cover_f.jpg,https://www.amazon.in/WOW-Imagine-Oneplus-OnePlus-Protection/dp/B09B52J9JX/ref=sr_1_7291?qid=1679134102&s=electronics&sr=1-7291,4.2,"2,837","Designed Exclusively For 1+ Oneplus Nord 2 5G | OnePlus Nord 2 5G Pac-Man Edition - Hybrid AirEDGE technology fusing Superior Quality TPU Material and a durable Clear Transparent back panel | SHOCK PROOF PROTECTION - Highly Protective Rugged Armor for Complete Protection of Mobile Frame and Screen from scratches, falls, and shocks. | CAMERA and SCREEN PROTECTION - Raised bezels lift camera and screen off flat surfaces, protecting from scratches and scuff marks. Ultra slim, Flexible, light weight Anti Smudge | PRECISE BUTTONS AND CUTOUTS - Pronounced buttons are easy to feel and press, while large cutouts for the charging port fits most cables. Supports bilateral wireless charging. | FULL COMPATIBILITY - This Armour Back Case is designed and tested to be compatible with most screen protectors. Compatible with 1+ OnePlus Nord 2 5G | OnePlus Nord 2 5G Pac-Man Edition case cover",3.11,11.99
BIBA Women's Rayon Salwar Suit Set,women's clothing,Ethnic Wear,https://m.media-amazon.com/images/I/71yWIihZVDL._AC_UL320_.jpg,product_images\64_BIBA_Women's_Rayon_Salwar_Suit_Set.jpg,https://www.amazon.in/BIBA-Womens-Ethnic-Kurta-Size_3XL/dp/B09NTQHDS2/ref=sr_1_9219?qid=1679154464&s=apparel&sr=1-9219,3.7,10,BIBA Women's Blue Rayon Salwar Kurta Dupatta,21.77,43.19
"V-Guard VT230 850-Watts 2-Slice Automatic Pop Up Toaster, Black",appliances,All Appliances,https://m.media-amazon.com/images/I/71mR+KlbZVL._AC_UL320_.jpg,"product_images\65_V-Guard_VT230_850-Watts_2-Slice_Automatic_Pop_Up_Toaster,_Bl.jpg",https://www.amazon.in/V-Guard-VT230-2-Slice-Toaster-Warmer/dp/B081NJ2BHS/ref=sr_1_6772?qid=1679135975&s=appliances&sr=1-6772,4.1,"1,248","【BUN WARMING RACKS】To warm variety of buns, pavs, croissants, doughnuts etc. | 【EXTRA WIDE 35 mm BREAD SLOTS】No longer cramming them in or cutting off the crusts | 【DEFROST, REHEAT AND CANCEL BUTTON WITH LED ILLUMINATION】The defrost feature helps to defrost refrigerated bread in a go, the reheat feature comes in handy while reheating a toast and the cancel features lets you cancel the toasting cycle immediately | 【REMOVABLE CRUMB COLLECTION TRAY】Makes it easy to remove left over crumbs ensuring the appliance is neat and tidy | 【SLIDER BROWNING CONTROL】Warm the bread to your liking",17.39,30.24
Bazaartrick A6s Moonwalk Mini in Ear Earbuds with Magnetic Charging Case IPX5 True Wireless Earphones with Digital Battery...,"tv, audio & cameras",Headphones,https://m.media-amazon.com/images/I/31H-mWtpPgL._AC_UL320_.jpg,product_images\66_Bazaartrick_A6s_Moonwalk_Mini_in_Ear_Earbuds_with_Magnetic_C.jpg,https://www.amazon.in/Bazaartrick-Moonwalk-Earphones-Indicator-Bluetooth/dp/B09HN2VV2D/ref=sr_1_8047?qid=1679129186&s=electronics&sr=1-8047,4.0,1,"IPX4 waterproof IPX4 waterproof and smart nano coating design. | Ergonomic design Earbuds The latest noise reduction technology, HD calls, shocking sound effects, enjoy your world without being disturbed | Light and comfortable No matter the size or weight of the headphones, they are precisely designed and measured to make your ears fully enjoyable. | Bluetooth 5.0 WirelessEarbuds Auto Pairing,and reconnect to your device automatically after the first time of pairing and use. Hi-Fi Stereo Sound Quality Deep Bass",8.39,41.99
Pullox Diagonal Mirror 90 Degree (Size: 0.965 inch) Compatible with AZ50mm and AZ60mm,"tv, audio & cameras",Cameras,https://m.media-amazon.com/images/I/71Wn55bYhmL._AC_UL320_.jpg,product_images\67_Pullox_Diagonal_Mirror_90_Degree_(Size_0.965_inch)_Compatibl.jpg,https://www.amazon.in/Pullox-Diagonal-Mirror-90-Degree/dp/B08ZSXKNJ4/ref=sr_1_3180?qid=1679130106&s=electronics&sr=1-3180,3.1,9,"✅High-quality high light transmission and provides high definition images. | ✅ Home made telescope Diagonal mirror a nassary part for home made telescope | ✅90 degree erecting prism images upside down but left-right corrected, and 45-degree images uprightly. | ✅The fully coated lens are provided crips image | ✅ Work well with refractor, Cassegrain and catadioptric telescope but not recommended for reflector telescope.",5.4,11.99
Wrangler Printed Cotton Regular Fit Mens T-Shirt (S22WMTS003039GR-P),men's clothing,T-shirts & Polos,https://m.media-amazon.com/images/I/51P60dH-YcL._AC_UL320_.jpg,product_images\68_Wrangler_Printed_Cotton_Regular_Fit_Mens_T-Shirt_(S22WMTS003.jpg,https://www.amazon.in/Wrangler-Mens-Fitted-T-Shirt-WMTS003039_Olive/dp/B09WDHDTXH/ref=sr_1_15631?qid=1679140591&s=apparel&sr=1-15631,3.9,15,Buy Wrangler Men Olive Printed Regular Fit T-Shirt from T-Shirts at Amazon.in. 30 days free exchange or return,6.7,16.79
GMR Men Rib Muscle Vest and Men's Regular Fit Tank Top Pack of 2,men's clothing,Innerwear,https://m.media-amazon.com/images/I/51ccUz1M6rL._AC_UL320_.jpg,product_images\69_GMR_Men_Rib_Muscle_Vest_and_Men's_Regular_Fit_Tank_Top_Pack_.jpg,https://www.amazon.in/GMR-Muscle-Regualr-Maroonk-Cotton/dp/B09MDHPWBV/ref=sr_1_6771?qid=1679142715&s=apparel&sr=1-6771,4.1,7,Buy GMR Men Muscle Vest and Regualr Tank Top (95cm ; 1 Rib Maroonk and 1 Cotton White) from T-Shirts at Amazon.in. 30 days free exchange or return,5.63,11.99
Bapna Brown Adhesive Carton packing High strength Tape 48 mm x 130 mtr roll,industrial supplies,Industrial & Scientific Supplies,https://m.media-amazon.com/images/I/21z5b+uvkLL._AC_UL320_.jpg,product_images\70_Bapna_Brown_Adhesive_Carton_packing_High_strength_Tape_48_mm.jpg,https://www.amazon.in/Bapna-Adhesive-Carton-packing-strength/dp/B01N0RQAZY/ref=sr_1_7634?qid=1679222918&s=industrial&sr=1-7634,4.2,85,"Excellent adhesion and shear properties. | Resistance to cold, heat and aging. | UV stabilised - won't lift off cartons. | High mechanical strength and good impact resistance. | Ideal for use in dispensers.",2.22,3.0
The Veshti Company Women's Premium Loose Baggy Bohemian Yoga Harem Pants,women's clothing,Western Wear,https://m.media-amazon.com/images/W/IMAGERENDERING_521856-T2/images/I/71DJCDjTzmL._AC_UL320_.jpg,,https://www.amazon.in/Veshti-Company-Womens-Premium-Bohemian/dp/B09WMMBV1V/ref=sr_1_17865?qid=1679154088&s=apparel&sr=1-17865,5.0,1,"The Veshti Company Boho Harem Pants for Men's Cotton Low Crotch Baggy Hippie Style Loose Yoga Pant with Pocket, Mustard, Large : Amazon.in: Fashion",17.99,24.0
Maxima Analog Rose Gold Dial Women's Watch - 52800BMLI,accessories,Watches,https://m.media-amazon.com/images/I/81tbxXgxMrL._AC_UL320_.jpg,product_images\72_Maxima_Analog_Rose_Gold_Dial_Women's_Watch_-_52800BMLI.jpg,https://www.amazon.in/Maxima-Analog-Rose-Womens-Watch-52800BMLI/dp/B07PBCZ35J/ref=sr_1_11405?qid=1679156035&s=watches&sr=1-11405,3.7,7,Maxima Analog Rose Gold Dial Women's Watch - 52800BMLI : Amazon.in: Fashion,13.19,16.79
"Munchkin Arm and Hammer Diaper Pail Refill Rings, 544 Count",toys & baby products,Diapers,https://m.media-amazon.com/images/W/IMAGERENDERING_521856-T2/images/I/81YB15FwOxL._AC_UL320_.jpg,,https://www.amazon.in/Munchkin-Hammer-Diaper-Refill-Rings/dp/B01A6R2194/ref=sr_1_9203?qid=1679219895&s=baby&sr=1-9203,4.8,"11,622","2 Pack (holds up to 544 newborn diapers) | Compatible with Diaper Genie Elite, Diaper Genie II Elite, Diaper Genie Essentials and Diaper Genie II pails | Made with 7-layer film, lavender-scented | Latex free",52.16,78.0
Rangoli Vinyl Wall Sticker Multicolour Vinyl Medium Size 40cm or 50 cm Pack of 1 Sticker,home & kitchen,Home Décor,https://m.media-amazon.com/images/W/IMAGERENDERING_521856-T1/images/I/51zB3MFkjBL._AC_UL320_.jpg,,https://www.amazon.in/Rangoli-Medium-Krishna-Modern-Sticker/dp/B07T8HVWVB/ref=sr_1_8194?qid=1679213572&s=kitchen&sr=1-8194,4.3,90,"JUST PEEL & STICK: Easy to apply! This can be applied to any smooth, clean and dry Surface. | Made from self-adhesive pvc material | Use in bedroom, living room, playing room, kid’s room to enhance your living spaces instantly | Ideal size after applying on wall: 40 cm x 50 cm",1.07,9.59
"Kuber Industries 3 Piece Non Woven Fabric Saree Cover Set with Transparent Window, Extra Large, Ivory,Pink,Dark Brown",accessories,Bags & Luggage,https://m.media-amazon.com/images/W/IMAGERENDERING_521856-T1/images/I/71w2dpxYoiL._AC_UL320_.jpg,,https://www.amazon.in/Kuber-Industries-Fabric-Transparent-Window/dp/B08297CGYC/ref=sr_1_6341?qid=1679144101&s=luggage&sr=1-6341,3.8,409,"Outer Material: Polyester, Color: Multi | Dimensions: 43 cms x 35 cms x 22 cms (LxWxH) | Laptop Compatibility: No | No Warranty; made from durable, Wear and tear-resistant non-woven Fabric.Lightweight and flexible saree covers, carefully stitched to offer additional strength, Size of each bag: 43 cm x 35 cm x 22 cm, transparent see-through window for easy identification of contents.Durable zipper for easy opening and closing, ideal for storing sarees and Protecting them from dust and insects, Package Contents: 1 piece saree cover (Color: Ivory); 1 piece saree cover (Color: Dark brown); 1 piece saree cover (Color: Pink) | Carefully stitched to offer additional strength | Transparent see-through window for easy identification of contents.Durable zipper for easy opening and closing",2.04,2.99
A N Enterprises Attractive Women Cotton Nightwear Nightdresses,women's clothing,Lingerie & Nightwear,https://m.media-amazon.com/images/I/61slFIioMYL._AC_UL320_.jpg,product_images\76_A_N_Enterprises_Attractive_Women_Cotton_Nightwear_Nightdress.jpg,https://www.amazon.in/Enterprises-Attractive-Cotton-Nightwear-Nightdresses/dp/B09NCCZP54/ref=sr_1_12457?qid=1679155321&s=apparel&sr=1-12457,5.0,1,Buy A N Enterprises Attractive Women Cotton Nightwear Nightdresses White from Nighties & Nightdresses at Amazon.in. 30 days free exchange or return,3.95,11.99
freshcant Moisture Absorber by CILICAnT | Dehumidifier | Moisture Absorber for 2 BHK & 3 BHK Rooms | Protect Against Moist...,appliances,All Appliances,https://m.media-amazon.com/images/I/81JViMRQqSL._AC_UL320_.jpg,product_images\77_freshcant_Moisture_Absorber_by_CILICAnT__Dehumidifier__Moist.jpg,https://www.amazon.in/CILICAnT-Freshcant-Compact-Moisture-Absorber/dp/B08HM2QM1Z/ref=sr_1_3938?qid=1679135817&s=appliances&sr=1-3938,4.3,93,"NO MORE MOULD & FUNGUS –– DAVSORB dehumidifier sachet is a calcium chloride-based moisture absorber that absorbs excess moisture in the air up to 300 % of its weight and prevents fungal & mold growth. It fumigates and aerates the atmosphere and deodorizes closed & non air circulated spaces. | WIDE USAGE –– DAVSORB is effective even where traditional silica gel desiccants / room fresheners fail. Place in any space of Home - Living room, Bedroom or Bathroom. Suitable for Closets, Basements, Laundry rooms, Drawers, Suitcases, Clothes racks etc. Not advised to be used with food products. | WHERE TO USE - freshcant moisture absorber is a perfect room dehumidifier. You can use it in cupboards, shoeracks, rooms, kitchen, bathroom, car, Gym Locker, Garages and other storage spaces that need to be kept fresh and odour free. Its compact size makes it a perfect bathroom, wardrobe and car dehumidifier.It is spill proof and easy to place. | INDICATIVE & EASY TO USE –– Absorbs excess moisture and converts the absorbed moisture into a gel, securely capturing it within the sachet, and avoiding moisture seepage back into the packaging even in high humidity conditions. | NON-ODOROUS –– Serves as a replacement for scented room fresheners, sprays & dehumidifier machines; providing a neutral, cost effective, allergy free moisture-controlling environment with fresh air to breath. | TRUSTED BY MILLIONS WORLDWIDE –– Multiple users across the globe trust CILICANT & our various products like DAVSORB to safeguard their home, offices & other products from moisture damage. | Usage Instructions & Safety Guidelines - Remove the Davsorb inner pack from the master pouch & place it in the desired enclosed location. Replace when completely turned into gel. DO NOT place anything on top of the Davsorb pack or tear the pack & DO NOT use it with food products",17.87,25.91
"Lifelong LLOT10 10 Litres Oven, Toaster & Griller with Auto Shut Off and 30 Minute Timer, OTG Oven for Baking Cake, Pizza,...",appliances,All Appliances,https://m.media-amazon.com/images/I/71m9IxcjgoL._AC_UL320_.jpg,"product_images\78_Lifelong_LLOT10_10_Litres_Oven,_Toaster_&_Griller_with_Auto_.jpg",https://www.amazon.in/Lifelong-LLOT10-650-Watt-Toaster-Griller/dp/B01KTY5OPM/ref=sr_1_1183?qid=1679135657&s=appliances&sr=1-1183,4.1,"2,302","Advanced Safety and Control: The heat-resistant handle of the OTG guarantees secure and comfortable use. An automatic thermostat cutoff with a maximum time limit of 30 minutes with constant temperature control and a temperature range of 100 to 250 degrees is in place. | Versatile Cooking Options: Cooking, grilling, and toasting powers for various dishes. A 2-year manufacturer's warranty is included. | Optimized Capacity and Power: The OTG oven's 10-litre capacity and 1000-watt power rating make it perfect for two to three people. | Discover Culinary Excellence: Make a variety of delicious foods, like cheese toast, baked vegetables, roasted papad, pizza, cake, and more. Perfect OTG for the kitchen, offering a flexible way to cook. | Comprehensive Cooking Range: Serves as an electric food warmer, griller, pizza oven, and OTG for the kitchen. For an effective and convenient baking experience, modern electric ovens, toasters, and grillers have been created. | Essential Accessories Included: For added convenience, there is one wire rack and one baking tray provided.",26.39,36.0
BL Fedput 5.25 Ratti / 4.42 Carat Blue Lajward Stone Natural AA++ Quality Original Lapis Lazuli Lajwart Rashi Ratna Pathar...,accessories,Jewellery,https://m.media-amazon.com/images/I/41kQQcLk-2L._AC_UL320_.jpg,product_images\79_BL_Fedput_5.25_Ratti__4.42_Carat_Blue_Lajward_Stone_Natural_.jpg,https://www.amazon.in/BL-Fedput-Lajward-Original-Gemstone/dp/B09BB4C6CG/ref=sr_1_11412?qid=1679145532&s=jewelry&sr=1-11412,5.0,1,BL Fedput 5.25 Ratti / 4.42 Carat Blue Lajward Stone Natural AA++ Quality Original Lapis Lazuli Lajwart Rashi Ratna Pathar Gemstone for Men and Women : Amazon.in: Jewellery,5.99,36.0
I-ZONE Exotic Fashionable stylish Sling Bag for Girls/Women,accessories,Bags & Luggage,https://m.media-amazon.com/images/I/81GWnWtWZPL._AC_UL320_.jpg,product_images\80_I-ZONE_Exotic_Fashionable_stylish_Sling_Bag_for_GirlsWomen.jpg,https://www.amazon.in/I-ZONE-Exotic-Fashionable-stylish-Sling/dp/B09RWYK892/ref=sr_1_17314?qid=1679144464&s=luggage&sr=1-17314,4.1,16,Buy I-ZONE Round Sling Bag for Women and Girls with Tassel and Removable Belt | Handbag | Crossbody | Satchel | Trendy | Ladies Purse | Side | Shoulder | Valentines Gift for Her(Grey) from Sling & Cross-Body Bags at Amazon.in. 30 days free exchange or return,3.23,8.39
Parx Checkered Cotton Blend Medium Blue Slim Fit Cutaway Collar Full Sleeve Shirt,men's clothing,Shirts,https://m.media-amazon.com/images/I/9163-rbDzOL._AC_UL320_.jpg,product_images\81_Parx_Checkered_Cotton_Blend_Medium_Blue_Slim_Fit_Cutaway_Col.jpg,https://www.amazon.in/Parx-Checkered-Casual-XMSS08479-B4_Medium-Blue_39/dp/B07M6231L1/ref=sr_1_13426?qid=1679141375&s=apparel&sr=1-13426,3.7,17,Parx Checkered Cotton Blend Medium Blue Slim Fit Cutaway Collar Full Sleeve Shirt : Amazon.in: Clothing & Accessories,11.99,23.99
"Yantralay Ulanzi VL49 Professional Magnetic RGB LED Light with 2 Color Modes for LiveStreaming, Photo-Shoot with 3 Hot Sho...","tv, audio & cameras",Cameras,https://m.media-amazon.com/images/I/413G+JtJfiL._AC_UL320_.jpg,product_images\82_Yantralay_Ulanzi_VL49_Professional_Magnetic_RGB_LED_Light_wi.jpg,https://www.amazon.in/Professional-LiveStreaming-Photo-Shoot-Smartphones-Accessories/dp/B08QJSZWHR/ref=sr_1_1686?qid=1679130018&s=electronics&sr=1-1686,4.3,280,"The New version VL49 RGB on camera led light adopts 60 High Effective Light Beads, Larger Angle, More brightness, Higher color rendering. Topest CRI95 cab completely with perfect color of sunlight and ensure that its light is natural lifelike.RGB full colors light which makes your photography more colorful | Magnetic back design: The powerful suction on the back allows you to place it on any place that can be attracted | 2500K-9000k Sleeplessly Dimmable with LCD display: Hue adjustable from 0 degree -359 degree; Color saturation adjustable from 0%-100%; Brightness from 0%-100% dimmable. | 3 Cold Shoe Mount: RGB Video Light is Designed with 3 cold shoe mounts to connect multiple light panel together to strengthen lighting brightness and to get better lighting effects. Cold Shoe Mount can be used to mount Microphone & LED Light both together, which makes a perfect combination for vlogging. | Compatible with Smartphones, iPhone, GoPro Hero 12/11/10/9/8/7 & Other Action Cameras & DSLR Cameras.",23.99,46.79
"Parijata Plastic Water Level Sensor Auto Shut Off Sensor for Commercial RO Water Purifier, Coolers and Storage Tanks",appliances,All Appliances,https://m.media-amazon.com/images/I/71ttpgIFcSL._AC_UL320_.jpg,product_images\83_Parijata_Plastic_Water_Level_Sensor_Auto_Shut_Off_Sensor_for.jpg,https://www.amazon.in/Parijata-ZedPower-Water-Level-Sensor/dp/B07NPH76SP/ref=sr_1_7171?qid=1679135996&s=appliances&sr=1-7171,4.1,16,"Water Level Sensor for RO Water Cooler Sensor Controller; Input voltage: 230V AC, Output voltage: 230V AC, Max. Current Capacity - 3 Amp.<br> | Sensor voltage: 12V DC (isolated), Dimensions: 60x40x87 mm. (LWH), Gross wt: 0.350kg.<br> | Suitable for 25 Lph 50 Lph 100 Lph RO Plant to avoid Tank overflow, also can use in water cooler<br> | Auto Shut Off Sensor . For commercial RO water purifier, water cooler and storage tank<br> | Color Map: White; Warranty Description: No Warranty; Purification Method: Reverse Osmosis; Included Components: 1 Water Level Sensor",7.8,11.99
AUREX Sky Blue Dial Round Shaped Day & Date Functioning Stainless Steel Bracelet Watch for Ladies/Women/Girls (AX-LR522-SKYC),accessories,Watches,https://m.media-amazon.com/images/I/81eBxq2ZGJL._AC_UL320_.jpg,product_images\84_AUREX_Sky_Blue_Dial_Round_Shaped_Day_&_Date_Functioning_Stai.jpg,https://www.amazon.in/Shaped-Functioning-Stainless-Bracelet-AX-LR522-SKYC/dp/B08DK5LMW3/ref=sr_1_6410?qid=1679155858&s=watches&sr=1-6410,3.7,5,AUREX Sky Blue Dial Round Shaped Day & Date Functioning Stainless Steel Bracelet Watch for Ladies/Women/Girls (AX-LR522-SKYC) : Amazon.in: Fashion,4.67,22.79
"100yellow® Birds Printed Luggage Tag, Travel Luggage Suitcase Baggage Id Identifier Name Address Label with Silicon Strap",accessories,Bags & Luggage,https://m.media-amazon.com/images/W/IMAGERENDERING_521856-T2/images/I/61eGxuf9RfL._AC_UL320_.jpg,,https://www.amazon.in/100Yellow%C2%AE-Printed-Luggage-Suitcase-Identifier/dp/B084D66K36/ref=sr_1_18679?qid=1679144510&s=luggage&sr=1-18679,4.6,2,"100yellow Presents Printed PVC with Silicon band Luggage Tag. | Size: Please Refer To Size Guide Image In Images For Size | Material: PVC with Silicon band | Finish: Gloss Finish with silicon band. | Unique Shape And Style Design. Bright Color, Easy To Identify Your Luggage At The First Sight From Similar Luggage. Will Not Take The Wrong Luggage. | Select It To Attached Your Luggage, Bags, Daily Backpacks, Briefcases, Baby Strollers, Pet Tags, Key chain, or Bag Charm Etc | Package Item - 1 Luggage Tags | Search 100yellow on Amazon for more designs and personalized gifting options.",1.19,4.79
Marks & Spencer Women's Regular Fit Shirt,women's clothing,Western Wear,https://m.media-amazon.com/images/I/81GTZLMj25L._AC_UL320_.jpg,product_images\86_Marks_&_Spencer_Women's_Regular_Fit_Shirt.jpg,https://www.amazon.in/Marks-Spencer-Regular-T-Shirt-T41_5027W_Black/dp/B09BFX4CHG/ref=sr_1_5583?qid=1679153645&s=apparel&sr=1-5583,5.0,1,Buy Marks & Spencer Women's Regular T-Shirt (T41_5027W_Black Mix XL) from T-Shirts at Amazon.in. 30 days free exchange or return,6.47,23.99
"Vivo Y56 5G (Black Engine, 8GB RAM, 128GB Storage) with No Cost EMI/Additional Exchange Offers","tv, audio & cameras",All Electronics,https://m.media-amazon.com/images/I/61y7ZbTQcWL._AC_UL320_.jpg,"product_images\87_Vivo_Y56_5G_(Black_Engine,_8GB_RAM,_128GB_Storage)_with_No_C.jpg",https://www.amazon.in/Vivo-Engine-Storage-Additional-Exchange/dp/B07WFPMD64/ref=sr_1_2289?qid=1679133796&s=electronics&sr=1-2289,3.7,14,"Camera: Dual 50MP+2MP Rear Camera | 16MP Selfie Camera with rear flash, night mode | Display: 16.72 cm (6.58"" inch) FHD+ LCD Display with eye protection mode to protect from blue light | Memory & SIM: 8GB RAM | 128GB internal memory | Security: Side-mounted fingerprint scanner | Processor: MTK Dimensity 700 5G chipset | Battery: 5000mAh battery with 18W fast charging | Camera features: Photo, Night, Portrait, Video, 50MP, Panorama, Live Photo, Slo-mo, Time-Lapse, Pro, AR Stickers, Documents",239.99,299.99
NSPS Enterprise Women's Kanjivaram Soft Silk Saree With Blouse Piece,women's clothing,Ethnic Wear,https://m.media-amazon.com/images/I/41SWmQW5GrL._AC_UL320_.jpg,product_images\88_NSPS_Enterprise_Women's_Kanjivaram_Soft_Silk_Saree_With_Blou.jpg,https://www.amazon.in/NSPS-Enterprise-Womens-Kanjivaram-Blouse/dp/B09N1SXM3F/ref=sr_1_9555?qid=1679154478&s=apparel&sr=1-9555,3.8,23,Buy NSPS Enterprise Women's Kanjivaram Soft Silk Saree With Blouse Piece (white) from Sarees at Amazon.in. 30 days free exchange or return,14.39,23.99
STARTRC OSMO Pocket 2 Lens Sun Hood Sunshade Protective Cover for DJI Pocket 2 Accessories,"tv, audio & cameras",Camera Accessories,https://m.media-amazon.com/images/W/IMAGERENDERING_521856-T2/images/I/71+PTW05JVL._AC_UL320_.jpg,,https://www.amazon.in/STARTRC-Sunshade-Prevent-Protective-Accessories/dp/B08PYRLNTT/ref=sr_1_7059?qid=1679132951&s=electronics&sr=1-7059,4.2,347,"【Perfect Match】：The lens sun hood compatible with DJI OSMO Pocket 2 camera.Rotate with the rotation of the lens, and will not affect the normal use of the camera. | 【Protective】：Prevent glare by stopping parasitic light coming into the lens,improve picture and videos quality without light sources reflections. | 【High quality material】：The lens sun hood for Pocket 2 is made of high quality ABS material,Good hand feeling and durability.Clamping on the rotating shaft will not be too tight or too loose, so it can be used with confidence. | 【Lossless installation】：No other tools are needed, the installation and disassembly are simple, and the expand opening design will not affect the photographing. | 【In the box】：1 * sunshade for DJI OSMO Pocket 2.( NOTE: The Pocket 2 camera is not included.)",7.07,11.99
white pearl kamarband maggam work cloth waist belt streachable kamarpatta for lehenga sontada belt aari work hip belt for ...,accessories,Fashion & Silver Jewellery,https://m.media-amazon.com/images/I/61K+ALg6IFL._AC_UL320_.jpg,product_images\90_white_pearl_kamarband_maggam_work_cloth_waist_belt_streachab.jpg,https://www.amazon.in/pearl-belt-streachable-kamarpatta-saree/dp/B0BTJ4Z7BD/ref=sr_1_7965?qid=1679160214&s=jewelry&sr=1-7965,Get,FREE Delivery by Amazon,Buy VAMA Women Fashions White Pearl Kamarband Maggam Work Cloth Waist Belt Stretchable Kamarpatta For Lehenga Sontada Belt Aari Work Hip Belt For Saree Kamarbandh Vaddanam For Wedding from Belts at Amazon.in. 30 days free exchange or return,11.86,36.0
dockstreet Men's Boxer Brief Comfortable Stretchable/Soft fit Brief Trunk Styled Underwear,men's clothing,Innerwear,https://m.media-amazon.com/images/I/518z8ctGM2L._AC_UL320_.jpg,product_images\91_dockstreet_Men's_Boxer_Brief_Comfortable_StretchableSoft_fit.jpg,https://www.amazon.in/dockstreet-Comfortable-Stretchable-Underwear-MenUndrwear029DCKWhitPrntBlack75/dp/B0BRBF9BMB/ref=sr_1_16164?qid=1679143060&s=apparel&sr=1-16164,3.4,14,Buy dockstreet Boxer Brief Comfortable Stretchable/Soft Fit Brief Trunk Styled Underwear for Men MenUndrwear029DCKWhitPrntBlack75 from Briefs at Amazon.in,2.74,5.99
DIVYE Taparia Digital Voltage Tester MDT 81+Taparia WS 05 Steel (130mm) Wire Stripping Plier (Green and Black),industrial supplies,"Test, Measure & Inspect",https://m.media-amazon.com/images/W/IMAGERENDERING_521856-T1/images/I/41h0z381-qL._AC_UL320_.jpg,,https://www.amazon.in/DIVYE-Taparia-Digital-Voltage-Stripping/dp/B08Z9MHF5S/ref=sr_1_2896?qid=1679223000&s=industrial&sr=1-2896,4.1,13,"Made from high grade chrome vanadium steel | The blade is made from high grade chrome vanadium steel | Hardness on tip: 54 58 HRC, Tip size : 30 mm x 05 mm | The blade has a bright Nickel Chrome plating which resists corrosion | Material: SteelColor: Green and Black | Package Contents: 1-Piece Wire Stripping Pliers | 1 Year Standard Product Warranty | Generally conforming to is 5087 - 1969",2.09,2.24
"INLIFE Natural Garlic Oil, 60 Capsules For Heart,Cholesterol and Weight Loss- 60 Liquid Filled Capsules",beauty & health,Diet & Nutrition,https://m.media-amazon.com/images/I/81-nB+CJF6L._AC_UL320_.jpg,"product_images\93_INLIFE_Natural_Garlic_Oil,_60_Capsules_For_Heart,Cholesterol.jpg",https://www.amazon.in/Inlife-Garlic-Oil-Supplement-500/dp/B00HSEBQCM/ref=sr_1_4649?qid=1679216072&s=hpc&sr=1-4649,4.0,215,"Premium Formula - Inlife Garlic Oil is made with 500 mg garlic oil per capsule, a traditionally used ingredient, provided in an easy-to-consume capsule form. | Packed with Nutrients - Garlic is known for its natural nutritional profile, containing vitamins, minerals, and antioxidants. | Convenient Liquid-Filled Capsules - Our liquid-filled capsules are easy to swallow, odorless, and help provide a practical option compared to traditional softgels. | Absorption: Designed in a liquid-filled capsule form, which is commonly used to support ingredient bioavailability. | Quality Packaging: The capsules are tamper-proof with a band seal, designed to help minimize leakage and preserve freshness. | Manufactured in Certified Facilities – Produced in AYUSH certified facilities, following defined production standards for quality and consistency. | Suggested Usage:Take 1 capsule daily after a meal or as directed by your healthcare professional. | Packaging : 60 hard shelled capsules ,designed for convinient daily use.",2.93,4.79
"Mini Baby Silicone Baby Medicine Feeder Dropper Graduated Pipette Liquid Food Dropper (5 ml) (Pack of 1, Blue)",toys & baby products,"Baby Bath, Skin & Grooming",https://m.media-amazon.com/images/W/IMAGERENDERING_521856-T2/images/I/213hH8ZmHiL._AC_UL320_.jpg,,https://www.amazon.in/Mini-Baby-Silicone-Medicine-Graduated/dp/B0B3D76RT9/ref=sr_1_5931?qid=1679220041&s=baby&sr=1-5931,3.6,38,"The Medicine dropper makes it simple to administer medicine with no spills. | The measurement markings are clear and simple to read | To Clean : please the medicine dropper in warm soapy water, wash thoroughly before and after each use | Feel comfort that 100% FOOD GRADE premium materials are used in these droppers. Feel safe that these 5m",2.27,5.99
Heads Up For Tails Monty The Monkey Rope Dog Toy - 19 cm,pet supplies,Dog supplies,https://m.media-amazon.com/images/I/610GsAyZIOS._AC_UL320_.jpg,product_images\95_Heads_Up_For_Tails_Monty_The_Monkey_Rope_Dog_Toy_-_19_cm.jpg,https://www.amazon.in/Heads-Up-Tails-Play-Monkey/dp/B07SBTTMQH/ref=sr_1_7075?qid=1679214892&s=pet-supplies&sr=1-7075,3.6,50,"Product type: Rope toy for dogs | Made of 60% cotton, 40% polyester | Washable | Please buy appropriately sized toys for your pet | If you notice signs of wear and tear, please replace the toy",4.55,4.79
"Eastman Addo India 26 Inch Speed X, Mountain Bicycle Single Speed with Front Suspension for Men, Double Disc with Mega Hub...",sports & fitness,Cycling,https://m.media-amazon.com/images/I/71liSpp+91L._AC_UL320_.jpg,"product_images\96_Eastman_Addo_India_26_Inch_Speed_X,_Mountain_Bicycle_Single_.jpg",https://www.amazon.in/Eastman-Inches-SpeedX-Double-Suspension/dp/B09SWPY77Q/ref=sr_1_8835?qid=1679217138&s=sports&sr=1-8835,3.1,2,"DURABLE STEEL FRAME: The bike features a robust and durable 26-inch steel frame with a DOUBLE-WALL ALLOY rim, ensuring longevity and top-notch performance. The glow-finished paint adds a stylish touch that your kids will love. | COMFORTABLE SADDLE: Equipped with a comfortable PU saddle, the ADDO SPEED-X SPECS bike offers a sleek and enjoyable riding experience, allowing your child to cruise in style. | DOUBLE DISC BRAKES: With DOUBLE DISC BRAKES and MEGA HUB, this bike provides enhanced braking performance and rider safety, instilling confidence during every ride. | THREADLESS FORK: The STEEL FORK with THREADLESS FITTING offers a traditional feel while riding, making it a stylish and comfortable choice for your child's biking adventures. | TRUSTED BRAND: ADDO SPEED-X SPECS is part of the renowned Eastman Addo India brand, known for its commitment to quality and performance, ensuring that your child enjoys a reliable and enjoyable biking experience",98.39,129.6
Miraggio Irene Soft Gathered Women's Shoulder Handbag,accessories,Bags & Luggage,https://m.media-amazon.com/images/I/51pGDM6J+DL._AC_UL320_.jpg,product_images\97_Miraggio_Irene_Soft_Gathered_Women's_Shoulder_Handbag.jpg,https://www.amazon.in/Miraggio-Womens-Irene-Gathered-Shoulder/dp/B095SQV6D8/ref=sr_1_11943_mod_primary_new?qid=1679144287&s=luggage&sbo=RZvfv%2F%2FHxDF%2BO5021pAnSA%3D%3D&sr=1-11943,4.0,36,Buy Miraggio Irene Soft Gathered Shoulder Bag For Women Stylish | Women Shoulder Bag from Hobos & Shoulder Bags at Amazon.in. 30 days free exchange or return,17.99,41.99
Kovove The Circular Silver Cufflinks Silver Coloured Cufflinks,accessories,Jewellery,https://m.media-amazon.com/images/W/IMAGERENDERING_521856-T2/images/I/71n2q9WFMRL._AC_UL320_.jpg,,https://www.amazon.in/Kovove-Circular-Silver-Cufflinks-Coloured/dp/B07KDCFFSX/ref=sr_1_15780?qid=1679145685&s=jewelry&sr=1-15780,5.0,1,Buy Kovove The Circular Silver Cufflinks Silver Coloured Cufflinks from Cufflinks at Amazon.in. 30 days free exchange or return,5.99,14.35
Boosty B4 Continuous Video Light with 1000 Watt Halogen Tube for Video Cameras and YouTube Video Shooting,"tv, audio & cameras",Camera Accessories,https://m.media-amazon.com/images/I/41o-lHLCbNL._AC_UL320_.jpg,product_images\99_Boosty_B4_Continuous_Video_Light_with_1000_Watt_Halogen_Tube.jpg,https://www.amazon.in/Boosty-Continuous-Halogen-Cameras-Shooting/dp/B09JZ33NDR/ref=sr_1_4185?qid=1679132793&s=electronics&sr=1-4185,3.2,92,"Ultra-Bright 1000W Halogen Bulb: Delivers powerful illumination ideal for large workspaces, construction sites, and studio lighting setups. | Clamp-On Mounting: Equipped with a strong, adjustable clamp that attaches securely to tables, poles, and other surfaces for flexible positioning. | Directional Aluminum Reflector: Features adjustable flaps to focus and direct light where it's needed, reducing glare and increasing efficiency. | Built Tough for Demanding Tasks: Durable metal housing and heat-resistant handle ensure long-lasting performance in rugged environments. | Plug-and-Play Operation: Comes with an integrated power cord and standard plug—no installation required for instant use.",6.59,15.59
